,SN,Freq,Level,Time,Freq Offset,Level Offset
0,1,9 kHz,-110.0 dBm,500.0 ms,0.0 Hz,0.0 dB
911,912,1.91 GHz,20.0 dBm,100.0 ms,0.0 dB,0.0Hz
656,657,1.655 GHz,20.0 dBm,100.0 ms,0.0 dB,0.0Hz
908,909,1.907 GHz,20.0 dBm,100.0 ms,0.0 dB,0.0Hz
446,447,1.445 GHz,20.0 dBm,100.0 ms,0.0 dB,0.0Hz
252,253,1.251 GHz,20.0 dBm,100.0 ms,0.0 dB,0.0Hz
725,726,1.724 GHz,20.0 dBm,100.0 ms,0.0 dB,0.0Hz
810,811,1.809 GHz,20.0 dBm,100.0 ms,0.0 dB,0.0Hz
153,154,1.152 GHz,20.0 dBm,100.0 ms,0.0 dB,0.0Hz
834,835,1.833 GHz,20.0 dBm,100.0 ms,0.0 dB,0.0Hz
161,162,1.16 GHz,20.0 dBm,100.0 ms,0.0 dB,0.0Hz
9,10,1.008 GHz,20.0 dBm,100.0 ms,0.0 dB,0.0Hz
457,458,1.456 GHz,20.0 dBm,100.0 ms,0.0 dB,0.0Hz
545,546,1.544 GHz,20.0 dBm,100.0 ms,0.0 dB,0.0Hz
602,603,1.601 GHz,20.0 dBm,100.0 ms,0.0 dB,0.0Hz
451,452,1.45 GHz,20.0 dBm,100.0 ms,0.0 dB,0.0Hz
594,595,1.593 GHz,20.0 dBm,100.0 ms,0.0 dB,0.0Hz
301,302,1.3 GHz,20.0 dBm,100.0 ms,0.0 dB,0.0Hz
277,278,1.276 GHz,20.0 dBm,100.0 ms,0.0 dB,0.0Hz
300,301,1.299 GHz,20.0 dBm,100.0 ms,0.0 dB,0.0Hz
587,588,1.586 GHz,20.0 dBm,100.0 ms,0.0 dB,0.0Hz
47,48,1.046 GHz,20.0 dBm,100.0 ms,0.0 dB,0.0Hz
649,650,1.648 GHz,20.0 dBm,100.0 ms,0.0 dB,0.0Hz
149,150,1.148 GHz,20.0 dBm,100.0 ms,0.0 dB,0.0Hz
120,121,1.119 GHz,20.0 dBm,100.0 ms,0.0 dB,0.0Hz
271,272,1.27 GHz,20.0 dBm,100.0 ms,0.0 dB,0.0Hz
627,628,1.626 GHz,20.0 dBm,100.0 ms,0.0 dB,0.0Hz
378,379,1.377 GHz,20.0 dBm,100.0 ms,0.0 dB,0.0Hz
98,99,1.097 GHz,20.0 dBm,100.0 ms,0.0 dB,0.0Hz
913,914,1.912 GHz,20.0 dBm,100.0 ms,0.0 dB,0.0Hz
73,74,1.072 GHz,20.0 dBm,100.0 ms,0.0 dB,0.0Hz
141,142,1.14 GHz,20.0 dBm,100.0 ms,0.0 dB,0.0Hz
906,907,1.905 GHz,20.0 dBm,100.0 ms,0.0 dB,0.0Hz
755,756,1.754 GHz,20.0 dBm,100.0 ms,0.0 dB,0.0Hz
379,380,1.378 GHz,20.0 dBm,100.0 ms,0.0 dB,0.0Hz
385,386,1.384 GHz,20.0 dBm,100.0 ms,0.0 dB,0.0Hz
355,356,1.354 GHz,20.0 dBm,100.0 ms,0.0 dB,0.0Hz
129,130,1.128 GHz,20.0 dBm,100.0 ms,0.0 dB,0.0Hz
259,260,1.258 GHz,20.0 dBm,100.0 ms,0.0 dB,0.0Hz
143,144,1.142 GHz,20.0 dBm,100.0 ms,0.0 dB,0.0Hz
759,760,1.758 GHz,20.0 dBm,100.0 ms,0.0 dB,0.0Hz
145,146,1.144 GHz,20.0 dBm,100.0 ms,0.0 dB,0.0Hz
691,692,1.69 GHz,20.0 dBm,100.0 ms,0.0 dB,0.0Hz
397,398,1.396 GHz,20.0 dBm,100.0 ms,0.0 dB,0.0Hz
321,322,1.32 GHz,20.0 dBm,100.0 ms,0.0 dB,0.0Hz
613,614,1.612 GHz,20.0 dBm,100.0 ms,0.0 dB,0.0Hz
377,378,1.376 GHz,20.0 dBm,100.0 ms,0.0 dB,0.0Hz
514,515,1.513 GHz,20.0 dBm,100.0 ms,0.0 dB,0.0Hz
852,853,1.851 GHz,20.0 dBm,100.0 ms,0.0 dB,0.0Hz
903,904,1.902 GHz,20.0 dBm,100.0 ms,0.0 dB,0.0Hz
25,26,1.024 GHz,20.0 dBm,100.0 ms,0.0 dB,0.0Hz
494,495,1.493 GHz,20.0 dBm,100.0 ms,0.0 dB,0.0Hz
890,891,1.889 GHz,20.0 dBm,100.0 ms,0.0 dB,0.0Hz
341,342,1.34 GHz,20.0 dBm,100.0 ms,0.0 dB,0.0Hz
512,513,1.511 GHz,20.0 dBm,100.0 ms,0.0 dB,0.0Hz
610,611,1.609 GHz,20.0 dBm,100.0 ms,0.0 dB,0.0Hz
336,337,1.335 GHz,20.0 dBm,100.0 ms,0.0 dB,0.0Hz
426,427,1.425 GHz,20.0 dBm,100.0 ms,0.0 dB,0.0Hz
310,311,1.309 GHz,20.0 dBm,100.0 ms,0.0 dB,0.0Hz
991,992,1.99 GHz,20.0 dBm,100.0 ms,0.0 dB,0.0Hz
960,961,1.959 GHz,20.0 dBm,100.0 ms,0.0 dB,0.0Hz
112,113,1.111 GHz,20.0 dBm,100.0 ms,0.0 dB,0.0Hz
596,597,1.595 GHz,20.0 dBm,100.0 ms,0.0 dB,0.0Hz
770,771,1.769 GHz,20.0 dBm,100.0 ms,0.0 dB,0.0Hz
294,295,1.293 GHz,20.0 dBm,100.0 ms,0.0 dB,0.0Hz
53,54,1.052 GHz,20.0 dBm,100.0 ms,0.0 dB,0.0Hz
628,629,1.627 GHz,20.0 dBm,100.0 ms,0.0 dB,0.0Hz
74,75,1.073 GHz,20.0 dBm,100.0 ms,0.0 dB,0.0Hz
288,289,1.287 GHz,20.0 dBm,100.0 ms,0.0 dB,0.0Hz
284,285,1.283 GHz,20.0 dBm,100.0 ms,0.0 dB,0.0Hz
851,852,1.85 GHz,20.0 dBm,100.0 ms,0.0 dB,0.0Hz
101,102,1.1 GHz,20.0 dBm,100.0 ms,0.0 dB,0.0Hz
460,461,1.459 GHz,20.0 dBm,100.0 ms,0.0 dB,0.0Hz
539,540,1.538 GHz,20.0 dBm,100.0 ms,0.0 dB,0.0Hz
645,646,1.644 GHz,20.0 dBm,100.0 ms,0.0 dB,0.0Hz
782,783,1.781 GHz,20.0 dBm,100.0 ms,0.0 dB,0.0Hz
603,604,1.602 GHz,20.0 dBm,100.0 ms,0.0 dB,0.0Hz
248,249,1.247 GHz,20.0 dBm,100.0 ms,0.0 dB,0.0Hz
356,357,1.355 GHz,20.0 dBm,100.0 ms,0.0 dB,0.0Hz
768,769,1.767 GHz,20.0 dBm,100.0 ms,0.0 dB,0.0Hz
211,212,1.21 GHz,20.0 dBm,100.0 ms,0.0 dB,0.0Hz
622,623,1.621 GHz,20.0 dBm,100.0 ms,0.0 dB,0.0Hz
381,382,1.38 GHz,20.0 dBm,100.0 ms,0.0 dB,0.0Hz
505,506,1.504 GHz,20.0 dBm,100.0 ms,0.0 dB,0.0Hz
380,381,1.379 GHz,20.0 dBm,100.0 ms,0.0 dB,0.0Hz
392,393,1.391 GHz,20.0 dBm,100.0 ms,0.0 dB,0.0Hz
108,109,1.107 GHz,20.0 dBm,100.0 ms,0.0 dB,0.0Hz
715,716,1.714 GHz,20.0 dBm,100.0 ms,0.0 dB,0.0Hz
709,710,1.708 GHz,20.0 dBm,100.0 ms,0.0 dB,0.0Hz
567,568,1.566 GHz,20.0 dBm,100.0 ms,0.0 dB,0.0Hz
738,739,1.737 GHz,20.0 dBm,100.0 ms,0.0 dB,0.0Hz
654,655,1.653 GHz,20.0 dBm,100.0 ms,0.0 dB,0.0Hz
993,994,1.992 GHz,20.0 dBm,100.0 ms,0.0 dB,0.0Hz
508,509,1.507 GHz,20.0 dBm,100.0 ms,0.0 dB,0.0Hz
443,444,1.442 GHz,20.0 dBm,100.0 ms,0.0 dB,0.0Hz
396,397,1.395 GHz,20.0 dBm,100.0 ms,0.0 dB,0.0Hz
345,346,1.344 GHz,20.0 dBm,100.0 ms,0.0 dB,0.0Hz
809,810,1.808 GHz,20.0 dBm,100.0 ms,0.0 dB,0.0Hz
191,192,1.19 GHz,20.0 dBm,100.0 ms,0.0 dB,0.0Hz
361,362,1.36 GHz,20.0 dBm,100.0 ms,0.0 dB,0.0Hz
982,983,1.981 GHz,20.0 dBm,100.0 ms,0.0 dB,0.0Hz
216,217,1.215 GHz,20.0 dBm,100.0 ms,0.0 dB,0.0Hz
165,166,1.164 GHz,20.0 dBm,100.0 ms,0.0 dB,0.0Hz
741,742,1.74 GHz,20.0 dBm,100.0 ms,0.0 dB,0.0Hz
880,881,1.879 GHz,20.0 dBm,100.0 ms,0.0 dB,0.0Hz
225,226,1.224 GHz,20.0 dBm,100.0 ms,0.0 dB,0.0Hz
517,518,1.516 GHz,20.0 dBm,100.0 ms,0.0 dB,0.0Hz
605,606,1.604 GHz,20.0 dBm,100.0 ms,0.0 dB,0.0Hz
733,734,1.732 GHz,20.0 dBm,100.0 ms,0.0 dB,0.0Hz
499,500,1.498 GHz,20.0 dBm,100.0 ms,0.0 dB,0.0Hz
269,270,1.268 GHz,20.0 dBm,100.0 ms,0.0 dB,0.0Hz
312,313,1.311 GHz,20.0 dBm,100.0 ms,0.0 dB,0.0Hz
975,976,1.974 GHz,20.0 dBm,100.0 ms,0.0 dB,0.0Hz
963,964,1.962 GHz,20.0 dBm,100.0 ms,0.0 dB,0.0Hz
349,350,1.348 GHz,20.0 dBm,100.0 ms,0.0 dB,0.0Hz
987,988,1.986 GHz,20.0 dBm,100.0 ms,0.0 dB,0.0Hz
126,127,1.125 GHz,20.0 dBm,100.0 ms,0.0 dB,0.0Hz
94,95,1.093 GHz,20.0 dBm,100.0 ms,0.0 dB,0.0Hz
615,616,1.614 GHz,20.0 dBm,100.0 ms,0.0 dB,0.0Hz
845,846,1.844 GHz,20.0 dBm,100.0 ms,0.0 dB,0.0Hz
262,263,1.261 GHz,20.0 dBm,100.0 ms,0.0 dB,0.0Hz
235,236,1.234 GHz,20.0 dBm,100.0 ms,0.0 dB,0.0Hz
637,638,1.636 GHz,20.0 dBm,100.0 ms,0.0 dB,0.0Hz
389,390,1.388 GHz,20.0 dBm,100.0 ms,0.0 dB,0.0Hz
40,41,1.039 GHz,20.0 dBm,100.0 ms,0.0 dB,0.0Hz
193,194,1.192 GHz,20.0 dBm,100.0 ms,0.0 dB,0.0Hz
106,107,1.105 GHz,20.0 dBm,100.0 ms,0.0 dB,0.0Hz
562,563,1.561 GHz,20.0 dBm,100.0 ms,0.0 dB,0.0Hz
526,527,1.525 GHz,20.0 dBm,100.0 ms,0.0 dB,0.0Hz
708,709,1.707 GHz,20.0 dBm,100.0 ms,0.0 dB,0.0Hz
968,969,1.967 GHz,20.0 dBm,100.0 ms,0.0 dB,0.0Hz
830,831,1.829 GHz,20.0 dBm,100.0 ms,0.0 dB,0.0Hz
697,698,1.696 GHz,20.0 dBm,100.0 ms,0.0 dB,0.0Hz
746,747,1.745 GHz,20.0 dBm,100.0 ms,0.0 dB,0.0Hz
537,538,1.536 GHz,20.0 dBm,100.0 ms,0.0 dB,0.0Hz
316,317,1.315 GHz,20.0 dBm,100.0 ms,0.0 dB,0.0Hz
779,780,1.778 GHz,20.0 dBm,100.0 ms,0.0 dB,0.0Hz
484,485,1.483 GHz,20.0 dBm,100.0 ms,0.0 dB,0.0Hz
84,85,1.083 GHz,20.0 dBm,100.0 ms,0.0 dB,0.0Hz
685,686,1.684 GHz,20.0 dBm,100.0 ms,0.0 dB,0.0Hz
125,126,1.124 GHz,20.0 dBm,100.0 ms,0.0 dB,0.0Hz
253,254,1.252 GHz,20.0 dBm,100.0 ms,0.0 dB,0.0Hz
382,383,1.381 GHz,20.0 dBm,100.0 ms,0.0 dB,0.0Hz
187,188,1.186 GHz,20.0 dBm,100.0 ms,0.0 dB,0.0Hz
334,335,1.333 GHz,20.0 dBm,100.0 ms,0.0 dB,0.0Hz
744,745,1.743 GHz,20.0 dBm,100.0 ms,0.0 dB,0.0Hz
275,276,1.274 GHz,20.0 dBm,100.0 ms,0.0 dB,0.0Hz
207,208,1.206 GHz,20.0 dBm,100.0 ms,0.0 dB,0.0Hz
574,575,1.573 GHz,20.0 dBm,100.0 ms,0.0 dB,0.0Hz
251,252,1.25 GHz,20.0 dBm,100.0 ms,0.0 dB,0.0Hz
740,741,1.739 GHz,20.0 dBm,100.0 ms,0.0 dB,0.0Hz
452,453,1.451 GHz,20.0 dBm,100.0 ms,0.0 dB,0.0Hz
8,9,1.007 GHz,20.0 dBm,100.0 ms,0.0 dB,0.0Hz
712,713,1.711 GHz,20.0 dBm,100.0 ms,0.0 dB,0.0Hz
981,982,1.98 GHz,20.0 dBm,100.0 ms,0.0 dB,0.0Hz
20,21,1.019 GHz,20.0 dBm,100.0 ms,0.0 dB,0.0Hz
61,62,1.06 GHz,20.0 dBm,100.0 ms,0.0 dB,0.0Hz
950,951,1.949 GHz,20.0 dBm,100.0 ms,0.0 dB,0.0Hz
256,257,1.255 GHz,20.0 dBm,100.0 ms,0.0 dB,0.0Hz
182,183,1.181 GHz,20.0 dBm,100.0 ms,0.0 dB,0.0Hz
174,175,1.173 GHz,20.0 dBm,100.0 ms,0.0 dB,0.0Hz
892,893,1.891 GHz,20.0 dBm,100.0 ms,0.0 dB,0.0Hz
244,245,1.243 GHz,20.0 dBm,100.0 ms,0.0 dB,0.0Hz
285,286,1.284 GHz,20.0 dBm,100.0 ms,0.0 dB,0.0Hz
250,251,1.249 GHz,20.0 dBm,100.0 ms,0.0 dB,0.0Hz
430,431,1.429 GHz,20.0 dBm,100.0 ms,0.0 dB,0.0Hz
626,627,1.625 GHz,20.0 dBm,100.0 ms,0.0 dB,0.0Hz
344,345,1.343 GHz,20.0 dBm,100.0 ms,0.0 dB,0.0Hz
731,732,1.73 GHz,20.0 dBm,100.0 ms,0.0 dB,0.0Hz
699,700,1.698 GHz,20.0 dBm,100.0 ms,0.0 dB,0.0Hz
865,866,1.864 GHz,20.0 dBm,100.0 ms,0.0 dB,0.0Hz
42,43,1.041 GHz,20.0 dBm,100.0 ms,0.0 dB,0.0Hz
758,759,1.757 GHz,20.0 dBm,100.0 ms,0.0 dB,0.0Hz
886,887,1.885 GHz,20.0 dBm,100.0 ms,0.0 dB,0.0Hz
914,915,1.913 GHz,20.0 dBm,100.0 ms,0.0 dB,0.0Hz
806,807,1.805 GHz,20.0 dBm,100.0 ms,0.0 dB,0.0Hz
208,209,1.207 GHz,20.0 dBm,100.0 ms,0.0 dB,0.0Hz
109,110,1.108 GHz,20.0 dBm,100.0 ms,0.0 dB,0.0Hz
822,823,1.821 GHz,20.0 dBm,100.0 ms,0.0 dB,0.0Hz
515,516,1.514 GHz,20.0 dBm,100.0 ms,0.0 dB,0.0Hz
168,169,1.167 GHz,20.0 dBm,100.0 ms,0.0 dB,0.0Hz
915,916,1.914 GHz,20.0 dBm,100.0 ms,0.0 dB,0.0Hz
695,696,1.694 GHz,20.0 dBm,100.0 ms,0.0 dB,0.0Hz
481,482,1.48 GHz,20.0 dBm,100.0 ms,0.0 dB,0.0Hz
87,88,1.086 GHz,20.0 dBm,100.0 ms,0.0 dB,0.0Hz
35,36,1.034 GHz,20.0 dBm,100.0 ms,0.0 dB,0.0Hz
75,76,1.074 GHz,20.0 dBm,100.0 ms,0.0 dB,0.0Hz
959,960,1.958 GHz,20.0 dBm,100.0 ms,0.0 dB,0.0Hz
154,155,1.153 GHz,20.0 dBm,100.0 ms,0.0 dB,0.0Hz
492,493,1.491 GHz,20.0 dBm,100.0 ms,0.0 dB,0.0Hz
717,718,1.716 GHz,20.0 dBm,100.0 ms,0.0 dB,0.0Hz
679,680,1.678 GHz,20.0 dBm,100.0 ms,0.0 dB,0.0Hz
604,605,1.603 GHz,20.0 dBm,100.0 ms,0.0 dB,0.0Hz
924,925,1.923 GHz,20.0 dBm,100.0 ms,0.0 dB,0.0Hz
799,800,1.798 GHz,20.0 dBm,100.0 ms,0.0 dB,0.0Hz
363,364,1.362 GHz,20.0 dBm,100.0 ms,0.0 dB,0.0Hz
935,936,1.934 GHz,20.0 dBm,100.0 ms,0.0 dB,0.0Hz
282,283,1.281 GHz,20.0 dBm,100.0 ms,0.0 dB,0.0Hz
82,83,1.081 GHz,20.0 dBm,100.0 ms,0.0 dB,0.0Hz
931,932,1.93 GHz,20.0 dBm,100.0 ms,0.0 dB,0.0Hz
172,173,1.171 GHz,20.0 dBm,100.0 ms,0.0 dB,0.0Hz
455,456,1.454 GHz,20.0 dBm,100.0 ms,0.0 dB,0.0Hz
721,722,1.72 GHz,20.0 dBm,100.0 ms,0.0 dB,0.0Hz
416,417,1.415 GHz,20.0 dBm,100.0 ms,0.0 dB,0.0Hz
961,962,1.96 GHz,20.0 dBm,100.0 ms,0.0 dB,0.0Hz
757,758,1.756 GHz,20.0 dBm,100.0 ms,0.0 dB,0.0Hz
849,850,1.848 GHz,20.0 dBm,100.0 ms,0.0 dB,0.0Hz
55,56,1.054 GHz,20.0 dBm,100.0 ms,0.0 dB,0.0Hz
750,751,1.749 GHz,20.0 dBm,100.0 ms,0.0 dB,0.0Hz
144,145,1.143 GHz,20.0 dBm,100.0 ms,0.0 dB,0.0Hz
413,414,1.412 GHz,20.0 dBm,100.0 ms,0.0 dB,0.0Hz
702,703,1.701 GHz,20.0 dBm,100.0 ms,0.0 dB,0.0Hz
635,636,1.634 GHz,20.0 dBm,100.0 ms,0.0 dB,0.0Hz
473,474,1.472 GHz,20.0 dBm,100.0 ms,0.0 dB,0.0Hz
398,399,1.397 GHz,20.0 dBm,100.0 ms,0.0 dB,0.0Hz
176,177,1.175 GHz,20.0 dBm,100.0 ms,0.0 dB,0.0Hz
664,665,1.663 GHz,20.0 dBm,100.0 ms,0.0 dB,0.0Hz
866,867,1.865 GHz,20.0 dBm,100.0 ms,0.0 dB,0.0Hz
45,46,1.044 GHz,20.0 dBm,100.0 ms,0.0 dB,0.0Hz
797,798,1.796 GHz,20.0 dBm,100.0 ms,0.0 dB,0.0Hz
955,956,1.954 GHz,20.0 dBm,100.0 ms,0.0 dB,0.0Hz
287,288,1.286 GHz,20.0 dBm,100.0 ms,0.0 dB,0.0Hz
776,777,1.775 GHz,20.0 dBm,100.0 ms,0.0 dB,0.0Hz
89,90,1.088 GHz,20.0 dBm,100.0 ms,0.0 dB,0.0Hz
538,539,1.537 GHz,20.0 dBm,100.0 ms,0.0 dB,0.0Hz
353,354,1.352 GHz,20.0 dBm,100.0 ms,0.0 dB,0.0Hz
585,586,1.584 GHz,20.0 dBm,100.0 ms,0.0 dB,0.0Hz
387,388,1.386 GHz,20.0 dBm,100.0 ms,0.0 dB,0.0Hz
440,441,1.439 GHz,20.0 dBm,100.0 ms,0.0 dB,0.0Hz
138,139,1.137 GHz,20.0 dBm,100.0 ms,0.0 dB,0.0Hz
884,885,1.883 GHz,20.0 dBm,100.0 ms,0.0 dB,0.0Hz
833,834,1.832 GHz,20.0 dBm,100.0 ms,0.0 dB,0.0Hz
186,187,1.185 GHz,20.0 dBm,100.0 ms,0.0 dB,0.0Hz
869,870,1.868 GHz,20.0 dBm,100.0 ms,0.0 dB,0.0Hz
873,874,1.872 GHz,20.0 dBm,100.0 ms,0.0 dB,0.0Hz
994,995,1.993 GHz,20.0 dBm,100.0 ms,0.0 dB,0.0Hz
634,635,1.633 GHz,20.0 dBm,100.0 ms,0.0 dB,0.0Hz
525,526,1.524 GHz,20.0 dBm,100.0 ms,0.0 dB,0.0Hz
324,325,1.323 GHz,20.0 dBm,100.0 ms,0.0 dB,0.0Hz
795,796,1.794 GHz,20.0 dBm,100.0 ms,0.0 dB,0.0Hz
115,116,1.114 GHz,20.0 dBm,100.0 ms,0.0 dB,0.0Hz
861,862,1.86 GHz,20.0 dBm,100.0 ms,0.0 dB,0.0Hz
22,23,1.021 GHz,20.0 dBm,100.0 ms,0.0 dB,0.0Hz
867,868,1.866 GHz,20.0 dBm,100.0 ms,0.0 dB,0.0Hz
837,838,1.836 GHz,20.0 dBm,100.0 ms,0.0 dB,0.0Hz
578,579,1.577 GHz,20.0 dBm,100.0 ms,0.0 dB,0.0Hz
497,498,1.496 GHz,20.0 dBm,100.0 ms,0.0 dB,0.0Hz
941,942,1.94 GHz,20.0 dBm,100.0 ms,0.0 dB,0.0Hz
521,522,1.52 GHz,20.0 dBm,100.0 ms,0.0 dB,0.0Hz
666,667,1.665 GHz,20.0 dBm,100.0 ms,0.0 dB,0.0Hz
665,666,1.664 GHz,20.0 dBm,100.0 ms,0.0 dB,0.0Hz
408,409,1.407 GHz,20.0 dBm,100.0 ms,0.0 dB,0.0Hz
598,599,1.597 GHz,20.0 dBm,100.0 ms,0.0 dB,0.0Hz
332,333,1.331 GHz,20.0 dBm,100.0 ms,0.0 dB,0.0Hz
904,905,1.903 GHz,20.0 dBm,100.0 ms,0.0 dB,0.0Hz
593,594,1.592 GHz,20.0 dBm,100.0 ms,0.0 dB,0.0Hz
542,543,1.541 GHz,20.0 dBm,100.0 ms,0.0 dB,0.0Hz
943,944,1.942 GHz,20.0 dBm,100.0 ms,0.0 dB,0.0Hz
677,678,1.676 GHz,20.0 dBm,100.0 ms,0.0 dB,0.0Hz
922,923,1.921 GHz,20.0 dBm,100.0 ms,0.0 dB,0.0Hz
31,32,1.03 GHz,20.0 dBm,100.0 ms,0.0 dB,0.0Hz
953,954,1.952 GHz,20.0 dBm,100.0 ms,0.0 dB,0.0Hz
134,135,1.133 GHz,20.0 dBm,100.0 ms,0.0 dB,0.0Hz
69,70,1.068 GHz,20.0 dBm,100.0 ms,0.0 dB,0.0Hz
511,512,1.51 GHz,20.0 dBm,100.0 ms,0.0 dB,0.0Hz
597,598,1.596 GHz,20.0 dBm,100.0 ms,0.0 dB,0.0Hz
296,297,1.295 GHz,20.0 dBm,100.0 ms,0.0 dB,0.0Hz
773,774,1.772 GHz,20.0 dBm,100.0 ms,0.0 dB,0.0Hz
462,463,1.461 GHz,20.0 dBm,100.0 ms,0.0 dB,0.0Hz
19,20,1.018 GHz,20.0 dBm,100.0 ms,0.0 dB,0.0Hz
647,648,1.646 GHz,20.0 dBm,100.0 ms,0.0 dB,0.0Hz
932,933,1.931 GHz,20.0 dBm,100.0 ms,0.0 dB,0.0Hz
184,185,1.183 GHz,20.0 dBm,100.0 ms,0.0 dB,0.0Hz
524,525,1.523 GHz,20.0 dBm,100.0 ms,0.0 dB,0.0Hz
640,641,1.639 GHz,20.0 dBm,100.0 ms,0.0 dB,0.0Hz
192,193,1.191 GHz,20.0 dBm,100.0 ms,0.0 dB,0.0Hz
930,931,1.929 GHz,20.0 dBm,100.0 ms,0.0 dB,0.0Hz
254,255,1.253 GHz,20.0 dBm,100.0 ms,0.0 dB,0.0Hz
407,408,1.406 GHz,20.0 dBm,100.0 ms,0.0 dB,0.0Hz
475,476,1.474 GHz,20.0 dBm,100.0 ms,0.0 dB,0.0Hz
266,267,1.265 GHz,20.0 dBm,100.0 ms,0.0 dB,0.0Hz
373,374,1.372 GHz,20.0 dBm,100.0 ms,0.0 dB,0.0Hz
43,44,1.042 GHz,20.0 dBm,100.0 ms,0.0 dB,0.0Hz
203,204,1.202 GHz,20.0 dBm,100.0 ms,0.0 dB,0.0Hz
304,305,1.303 GHz,20.0 dBm,100.0 ms,0.0 dB,0.0Hz
726,727,1.725 GHz,20.0 dBm,100.0 ms,0.0 dB,0.0Hz
52,53,1.051 GHz,20.0 dBm,100.0 ms,0.0 dB,0.0Hz
771,772,1.77 GHz,20.0 dBm,100.0 ms,0.0 dB,0.0Hz
877,878,1.876 GHz,20.0 dBm,100.0 ms,0.0 dB,0.0Hz
579,580,1.578 GHz,20.0 dBm,100.0 ms,0.0 dB,0.0Hz
600,601,1.599 GHz,20.0 dBm,100.0 ms,0.0 dB,0.0Hz
742,743,1.741 GHz,20.0 dBm,100.0 ms,0.0 dB,0.0Hz
736,737,1.735 GHz,20.0 dBm,100.0 ms,0.0 dB,0.0Hz
166,167,1.165 GHz,20.0 dBm,100.0 ms,0.0 dB,0.0Hz
673,674,1.672 GHz,20.0 dBm,100.0 ms,0.0 dB,0.0Hz
554,555,1.553 GHz,20.0 dBm,100.0 ms,0.0 dB,0.0Hz
448,449,1.447 GHz,20.0 dBm,100.0 ms,0.0 dB,0.0Hz
201,202,1.2 GHz,20.0 dBm,100.0 ms,0.0 dB,0.0Hz
17,18,1.016 GHz,20.0 dBm,100.0 ms,0.0 dB,0.0Hz
971,972,1.97 GHz,20.0 dBm,100.0 ms,0.0 dB,0.0Hz
415,416,1.414 GHz,20.0 dBm,100.0 ms,0.0 dB,0.0Hz
629,630,1.628 GHz,20.0 dBm,100.0 ms,0.0 dB,0.0Hz
159,160,1.158 GHz,20.0 dBm,100.0 ms,0.0 dB,0.0Hz
836,837,1.835 GHz,20.0 dBm,100.0 ms,0.0 dB,0.0Hz
404,405,1.403 GHz,20.0 dBm,100.0 ms,0.0 dB,0.0Hz
792,793,1.791 GHz,20.0 dBm,100.0 ms,0.0 dB,0.0Hz
998,999,1.997 GHz,20.0 dBm,100.0 ms,0.0 dB,0.0Hz
348,349,1.347 GHz,20.0 dBm,100.0 ms,0.0 dB,0.0Hz
210,211,1.209 GHz,20.0 dBm,100.0 ms,0.0 dB,0.0Hz
229,230,1.228 GHz,20.0 dBm,100.0 ms,0.0 dB,0.0Hz
898,899,1.897 GHz,20.0 dBm,100.0 ms,0.0 dB,0.0Hz
796,797,1.795 GHz,20.0 dBm,100.0 ms,0.0 dB,0.0Hz
811,812,1.81 GHz,20.0 dBm,100.0 ms,0.0 dB,0.0Hz
536,537,1.535 GHz,20.0 dBm,100.0 ms,0.0 dB,0.0Hz
11,12,1.01 GHz,20.0 dBm,100.0 ms,0.0 dB,0.0Hz
85,86,1.084 GHz,20.0 dBm,100.0 ms,0.0 dB,0.0Hz
980,981,1.979 GHz,20.0 dBm,100.0 ms,0.0 dB,0.0Hz
688,689,1.687 GHz,20.0 dBm,100.0 ms,0.0 dB,0.0Hz
783,784,1.782 GHz,20.0 dBm,100.0 ms,0.0 dB,0.0Hz
133,134,1.132 GHz,20.0 dBm,100.0 ms,0.0 dB,0.0Hz
223,224,1.222 GHz,20.0 dBm,100.0 ms,0.0 dB,0.0Hz
669,670,1.668 GHz,20.0 dBm,100.0 ms,0.0 dB,0.0Hz
487,488,1.486 GHz,20.0 dBm,100.0 ms,0.0 dB,0.0Hz
3,4,1.002 GHz,20.0 dBm,100.0 ms,0.0 dB,0.0Hz
146,147,1.145 GHz,20.0 dBm,100.0 ms,0.0 dB,0.0Hz
454,455,1.453 GHz,20.0 dBm,100.0 ms,0.0 dB,0.0Hz
14,15,1.013 GHz,20.0 dBm,100.0 ms,0.0 dB,0.0Hz
293,294,1.292 GHz,20.0 dBm,100.0 ms,0.0 dB,0.0Hz
358,359,1.357 GHz,20.0 dBm,100.0 ms,0.0 dB,0.0Hz
781,782,1.78 GHz,20.0 dBm,100.0 ms,0.0 dB,0.0Hz
103,104,1.102 GHz,20.0 dBm,100.0 ms,0.0 dB,0.0Hz
77,78,1.076 GHz,20.0 dBm,100.0 ms,0.0 dB,0.0Hz
7,8,1.006 GHz,20.0 dBm,100.0 ms,0.0 dB,0.0Hz
158,159,1.157 GHz,20.0 dBm,100.0 ms,0.0 dB,0.0Hz
947,948,1.946 GHz,20.0 dBm,100.0 ms,0.0 dB,0.0Hz
701,702,1.7 GHz,20.0 dBm,100.0 ms,0.0 dB,0.0Hz
338,339,1.337 GHz,20.0 dBm,100.0 ms,0.0 dB,0.0Hz
195,196,1.194 GHz,20.0 dBm,100.0 ms,0.0 dB,0.0Hz
621,622,1.62 GHz,20.0 dBm,100.0 ms,0.0 dB,0.0Hz
696,697,1.695 GHz,20.0 dBm,100.0 ms,0.0 dB,0.0Hz
560,561,1.559 GHz,20.0 dBm,100.0 ms,0.0 dB,0.0Hz
751,752,1.75 GHz,20.0 dBm,100.0 ms,0.0 dB,0.0Hz
818,819,1.817 GHz,20.0 dBm,100.0 ms,0.0 dB,0.0Hz
583,584,1.582 GHz,20.0 dBm,100.0 ms,0.0 dB,0.0Hz
428,429,1.427 GHz,20.0 dBm,100.0 ms,0.0 dB,0.0Hz
840,841,1.839 GHz,20.0 dBm,100.0 ms,0.0 dB,0.0Hz
26,27,1.025 GHz,20.0 dBm,100.0 ms,0.0 dB,0.0Hz
330,331,1.329 GHz,20.0 dBm,100.0 ms,0.0 dB,0.0Hz
710,711,1.709 GHz,20.0 dBm,100.0 ms,0.0 dB,0.0Hz
535,536,1.534 GHz,20.0 dBm,100.0 ms,0.0 dB,0.0Hz
612,613,1.611 GHz,20.0 dBm,100.0 ms,0.0 dB,0.0Hz
68,69,1.067 GHz,20.0 dBm,100.0 ms,0.0 dB,0.0Hz
38,39,1.037 GHz,20.0 dBm,100.0 ms,0.0 dB,0.0Hz
471,472,1.47 GHz,20.0 dBm,100.0 ms,0.0 dB,0.0Hz
607,608,1.606 GHz,20.0 dBm,100.0 ms,0.0 dB,0.0Hz
909,910,1.908 GHz,20.0 dBm,100.0 ms,0.0 dB,0.0Hz
295,296,1.294 GHz,20.0 dBm,100.0 ms,0.0 dB,0.0Hz
979,980,1.978 GHz,20.0 dBm,100.0 ms,0.0 dB,0.0Hz
249,250,1.248 GHz,20.0 dBm,100.0 ms,0.0 dB,0.0Hz
51,52,1.05 GHz,20.0 dBm,100.0 ms,0.0 dB,0.0Hz
365,366,1.364 GHz,20.0 dBm,100.0 ms,0.0 dB,0.0Hz
140,141,1.139 GHz,20.0 dBm,100.0 ms,0.0 dB,0.0Hz
12,13,1.011 GHz,20.0 dBm,100.0 ms,0.0 dB,0.0Hz
704,705,1.703 GHz,20.0 dBm,100.0 ms,0.0 dB,0.0Hz
236,237,1.235 GHz,20.0 dBm,100.0 ms,0.0 dB,0.0Hz
309,310,1.308 GHz,20.0 dBm,100.0 ms,0.0 dB,0.0Hz
720,721,1.719 GHz,20.0 dBm,100.0 ms,0.0 dB,0.0Hz
778,779,1.777 GHz,20.0 dBm,100.0 ms,0.0 dB,0.0Hz
352,353,1.351 GHz,20.0 dBm,100.0 ms,0.0 dB,0.0Hz
292,293,1.291 GHz,20.0 dBm,100.0 ms,0.0 dB,0.0Hz
331,332,1.33 GHz,20.0 dBm,100.0 ms,0.0 dB,0.0Hz
807,808,1.806 GHz,20.0 dBm,100.0 ms,0.0 dB,0.0Hz
217,218,1.216 GHz,20.0 dBm,100.0 ms,0.0 dB,0.0Hz
907,908,1.906 GHz,20.0 dBm,100.0 ms,0.0 dB,0.0Hz
658,659,1.657 GHz,20.0 dBm,100.0 ms,0.0 dB,0.0Hz
954,955,1.953 GHz,20.0 dBm,100.0 ms,0.0 dB,0.0Hz
682,683,1.681 GHz,20.0 dBm,100.0 ms,0.0 dB,0.0Hz
419,420,1.418 GHz,20.0 dBm,100.0 ms,0.0 dB,0.0Hz
463,464,1.462 GHz,20.0 dBm,100.0 ms,0.0 dB,0.0Hz
765,766,1.764 GHz,20.0 dBm,100.0 ms,0.0 dB,0.0Hz
130,131,1.129 GHz,20.0 dBm,100.0 ms,0.0 dB,0.0Hz
855,856,1.854 GHz,20.0 dBm,100.0 ms,0.0 dB,0.0Hz
823,824,1.822 GHz,20.0 dBm,100.0 ms,0.0 dB,0.0Hz
34,35,1.033 GHz,20.0 dBm,100.0 ms,0.0 dB,0.0Hz
479,480,1.478 GHz,20.0 dBm,100.0 ms,0.0 dB,0.0Hz
76,77,1.075 GHz,20.0 dBm,100.0 ms,0.0 dB,0.0Hz
814,815,1.813 GHz,20.0 dBm,100.0 ms,0.0 dB,0.0Hz
306,307,1.305 GHz,20.0 dBm,100.0 ms,0.0 dB,0.0Hz
549,550,1.548 GHz,20.0 dBm,100.0 ms,0.0 dB,0.0Hz
912,913,1.911 GHz,20.0 dBm,100.0 ms,0.0 dB,0.0Hz
957,958,1.956 GHz,20.0 dBm,100.0 ms,0.0 dB,0.0Hz
785,786,1.784 GHz,20.0 dBm,100.0 ms,0.0 dB,0.0Hz
148,149,1.147 GHz,20.0 dBm,100.0 ms,0.0 dB,0.0Hz
711,712,1.71 GHz,20.0 dBm,100.0 ms,0.0 dB,0.0Hz
92,93,1.091 GHz,20.0 dBm,100.0 ms,0.0 dB,0.0Hz
684,685,1.683 GHz,20.0 dBm,100.0 ms,0.0 dB,0.0Hz
581,582,1.58 GHz,20.0 dBm,100.0 ms,0.0 dB,0.0Hz
694,695,1.693 GHz,20.0 dBm,100.0 ms,0.0 dB,0.0Hz
951,952,1.95 GHz,20.0 dBm,100.0 ms,0.0 dB,0.0Hz
798,799,1.797 GHz,20.0 dBm,100.0 ms,0.0 dB,0.0Hz
923,924,1.922 GHz,20.0 dBm,100.0 ms,0.0 dB,0.0Hz
588,589,1.587 GHz,20.0 dBm,100.0 ms,0.0 dB,0.0Hz
970,971,1.969 GHz,20.0 dBm,100.0 ms,0.0 dB,0.0Hz
483,484,1.482 GHz,20.0 dBm,100.0 ms,0.0 dB,0.0Hz
445,446,1.444 GHz,20.0 dBm,100.0 ms,0.0 dB,0.0Hz
743,744,1.742 GHz,20.0 dBm,100.0 ms,0.0 dB,0.0Hz
491,492,1.49 GHz,20.0 dBm,100.0 ms,0.0 dB,0.0Hz
553,554,1.552 GHz,20.0 dBm,100.0 ms,0.0 dB,0.0Hz
488,489,1.487 GHz,20.0 dBm,100.0 ms,0.0 dB,0.0Hz
177,178,1.176 GHz,20.0 dBm,100.0 ms,0.0 dB,0.0Hz
342,343,1.341 GHz,20.0 dBm,100.0 ms,0.0 dB,0.0Hz
569,570,1.568 GHz,20.0 dBm,100.0 ms,0.0 dB,0.0Hz
805,806,1.804 GHz,20.0 dBm,100.0 ms,0.0 dB,0.0Hz
648,649,1.647 GHz,20.0 dBm,100.0 ms,0.0 dB,0.0Hz
843,844,1.842 GHz,20.0 dBm,100.0 ms,0.0 dB,0.0Hz
504,505,1.503 GHz,20.0 dBm,100.0 ms,0.0 dB,0.0Hz
964,965,1.963 GHz,20.0 dBm,100.0 ms,0.0 dB,0.0Hz
976,977,1.975 GHz,20.0 dBm,100.0 ms,0.0 dB,0.0Hz
183,184,1.182 GHz,20.0 dBm,100.0 ms,0.0 dB,0.0Hz
670,671,1.669 GHz,20.0 dBm,100.0 ms,0.0 dB,0.0Hz
586,587,1.585 GHz,20.0 dBm,100.0 ms,0.0 dB,0.0Hz
80,81,1.079 GHz,20.0 dBm,100.0 ms,0.0 dB,0.0Hz
124,125,1.123 GHz,20.0 dBm,100.0 ms,0.0 dB,0.0Hz
117,118,1.116 GHz,20.0 dBm,100.0 ms,0.0 dB,0.0Hz
23,24,1.022 GHz,20.0 dBm,100.0 ms,0.0 dB,0.0Hz
520,521,1.519 GHz,20.0 dBm,100.0 ms,0.0 dB,0.0Hz
900,901,1.899 GHz,20.0 dBm,100.0 ms,0.0 dB,0.0Hz
64,65,1.063 GHz,20.0 dBm,100.0 ms,0.0 dB,0.0Hz
110,111,1.109 GHz,20.0 dBm,100.0 ms,0.0 dB,0.0Hz
650,651,1.649 GHz,20.0 dBm,100.0 ms,0.0 dB,0.0Hz
936,937,1.935 GHz,20.0 dBm,100.0 ms,0.0 dB,0.0Hz
619,620,1.618 GHz,20.0 dBm,100.0 ms,0.0 dB,0.0Hz
703,704,1.702 GHz,20.0 dBm,100.0 ms,0.0 dB,0.0Hz
411,412,1.41 GHz,20.0 dBm,100.0 ms,0.0 dB,0.0Hz
617,618,1.616 GHz,20.0 dBm,100.0 ms,0.0 dB,0.0Hz
156,157,1.155 GHz,20.0 dBm,100.0 ms,0.0 dB,0.0Hz
633,634,1.632 GHz,20.0 dBm,100.0 ms,0.0 dB,0.0Hz
391,392,1.39 GHz,20.0 dBm,100.0 ms,0.0 dB,0.0Hz
625,626,1.624 GHz,20.0 dBm,100.0 ms,0.0 dB,0.0Hz
270,271,1.269 GHz,20.0 dBm,100.0 ms,0.0 dB,0.0Hz
754,755,1.753 GHz,20.0 dBm,100.0 ms,0.0 dB,0.0Hz
819,820,1.818 GHz,20.0 dBm,100.0 ms,0.0 dB,0.0Hz
218,219,1.217 GHz,20.0 dBm,100.0 ms,0.0 dB,0.0Hz
689,690,1.688 GHz,20.0 dBm,100.0 ms,0.0 dB,0.0Hz
190,191,1.189 GHz,20.0 dBm,100.0 ms,0.0 dB,0.0Hz
573,574,1.572 GHz,20.0 dBm,100.0 ms,0.0 dB,0.0Hz
72,73,1.071 GHz,20.0 dBm,100.0 ms,0.0 dB,0.0Hz
582,583,1.581 GHz,20.0 dBm,100.0 ms,0.0 dB,0.0Hz
399,400,1.398 GHz,20.0 dBm,100.0 ms,0.0 dB,0.0Hz
828,829,1.827 GHz,20.0 dBm,100.0 ms,0.0 dB,0.0Hz
240,241,1.239 GHz,20.0 dBm,100.0 ms,0.0 dB,0.0Hz
59,60,1.058 GHz,20.0 dBm,100.0 ms,0.0 dB,0.0Hz
639,640,1.638 GHz,20.0 dBm,100.0 ms,0.0 dB,0.0Hz
966,967,1.965 GHz,20.0 dBm,100.0 ms,0.0 dB,0.0Hz
81,82,1.08 GHz,20.0 dBm,100.0 ms,0.0 dB,0.0Hz
921,922,1.92 GHz,20.0 dBm,100.0 ms,0.0 dB,0.0Hz
401,402,1.4 GHz,20.0 dBm,100.0 ms,0.0 dB,0.0Hz
317,318,1.316 GHz,20.0 dBm,100.0 ms,0.0 dB,0.0Hz
732,733,1.731 GHz,20.0 dBm,100.0 ms,0.0 dB,0.0Hz
929,930,1.928 GHz,20.0 dBm,100.0 ms,0.0 dB,0.0Hz
885,886,1.884 GHz,20.0 dBm,100.0 ms,0.0 dB,0.0Hz
646,647,1.645 GHz,20.0 dBm,100.0 ms,0.0 dB,0.0Hz
747,748,1.746 GHz,20.0 dBm,100.0 ms,0.0 dB,0.0Hz
533,534,1.532 GHz,20.0 dBm,100.0 ms,0.0 dB,0.0Hz
983,984,1.982 GHz,20.0 dBm,100.0 ms,0.0 dB,0.0Hz
224,225,1.223 GHz,20.0 dBm,100.0 ms,0.0 dB,0.0Hz
756,757,1.755 GHz,20.0 dBm,100.0 ms,0.0 dB,0.0Hz
434,435,1.433 GHz,20.0 dBm,100.0 ms,0.0 dB,0.0Hz
777,778,1.776 GHz,20.0 dBm,100.0 ms,0.0 dB,0.0Hz
891,892,1.89 GHz,20.0 dBm,100.0 ms,0.0 dB,0.0Hz
185,186,1.184 GHz,20.0 dBm,100.0 ms,0.0 dB,0.0Hz
437,438,1.436 GHz,20.0 dBm,100.0 ms,0.0 dB,0.0Hz
95,96,1.094 GHz,20.0 dBm,100.0 ms,0.0 dB,0.0Hz
199,200,1.198 GHz,20.0 dBm,100.0 ms,0.0 dB,0.0Hz
313,314,1.312 GHz,20.0 dBm,100.0 ms,0.0 dB,0.0Hz
860,861,1.859 GHz,20.0 dBm,100.0 ms,0.0 dB,0.0Hz
421,422,1.42 GHz,20.0 dBm,100.0 ms,0.0 dB,0.0Hz
65,66,1.064 GHz,20.0 dBm,100.0 ms,0.0 dB,0.0Hz
897,898,1.896 GHz,20.0 dBm,100.0 ms,0.0 dB,0.0Hz
135,136,1.134 GHz,20.0 dBm,100.0 ms,0.0 dB,0.0Hz
63,64,1.062 GHz,20.0 dBm,100.0 ms,0.0 dB,0.0Hz
470,471,1.469 GHz,20.0 dBm,100.0 ms,0.0 dB,0.0Hz
910,911,1.909 GHz,20.0 dBm,100.0 ms,0.0 dB,0.0Hz
283,284,1.282 GHz,20.0 dBm,100.0 ms,0.0 dB,0.0Hz
24,25,1.023 GHz,20.0 dBm,100.0 ms,0.0 dB,0.0Hz
878,879,1.877 GHz,20.0 dBm,100.0 ms,0.0 dB,0.0Hz
788,789,1.787 GHz,20.0 dBm,100.0 ms,0.0 dB,0.0Hz
21,22,1.02 GHz,20.0 dBm,100.0 ms,0.0 dB,0.0Hz
228,229,1.227 GHz,20.0 dBm,100.0 ms,0.0 dB,0.0Hz
18,19,1.017 GHz,20.0 dBm,100.0 ms,0.0 dB,0.0Hz
561,562,1.56 GHz,20.0 dBm,100.0 ms,0.0 dB,0.0Hz
179,180,1.178 GHz,20.0 dBm,100.0 ms,0.0 dB,0.0Hz
787,788,1.786 GHz,20.0 dBm,100.0 ms,0.0 dB,0.0Hz
632,633,1.631 GHz,20.0 dBm,100.0 ms,0.0 dB,0.0Hz
821,822,1.82 GHz,20.0 dBm,100.0 ms,0.0 dB,0.0Hz
990,991,1.989 GHz,20.0 dBm,100.0 ms,0.0 dB,0.0Hz
157,158,1.156 GHz,20.0 dBm,100.0 ms,0.0 dB,0.0Hz
863,864,1.862 GHz,20.0 dBm,100.0 ms,0.0 dB,0.0Hz
974,975,1.973 GHz,20.0 dBm,100.0 ms,0.0 dB,0.0Hz
420,421,1.419 GHz,20.0 dBm,100.0 ms,0.0 dB,0.0Hz
848,849,1.847 GHz,20.0 dBm,100.0 ms,0.0 dB,0.0Hz
772,773,1.771 GHz,20.0 dBm,100.0 ms,0.0 dB,0.0Hz
858,859,1.857 GHz,20.0 dBm,100.0 ms,0.0 dB,0.0Hz
531,532,1.53 GHz,20.0 dBm,100.0 ms,0.0 dB,0.0Hz
4,5,1.003 GHz,20.0 dBm,100.0 ms,0.0 dB,0.0Hz
580,581,1.579 GHz,20.0 dBm,100.0 ms,0.0 dB,0.0Hz
329,330,1.328 GHz,20.0 dBm,100.0 ms,0.0 dB,0.0Hz
390,391,1.389 GHz,20.0 dBm,100.0 ms,0.0 dB,0.0Hz
231,232,1.23 GHz,20.0 dBm,100.0 ms,0.0 dB,0.0Hz
279,280,1.278 GHz,20.0 dBm,100.0 ms,0.0 dB,0.0Hz
456,457,1.455 GHz,20.0 dBm,100.0 ms,0.0 dB,0.0Hz
1001,1002,2.0 GHz,20.0 dBm,100.0 ms,0.0 dB,0.0Hz
938,939,1.937 GHz,20.0 dBm,100.0 ms,0.0 dB,0.0Hz
563,564,1.562 GHz,20.0 dBm,100.0 ms,0.0 dB,0.0Hz
881,882,1.88 GHz,20.0 dBm,100.0 ms,0.0 dB,0.0Hz
459,460,1.458 GHz,20.0 dBm,100.0 ms,0.0 dB,0.0Hz
760,761,1.759 GHz,20.0 dBm,100.0 ms,0.0 dB,0.0Hz
668,669,1.667 GHz,20.0 dBm,100.0 ms,0.0 dB,0.0Hz
280,281,1.279 GHz,20.0 dBm,100.0 ms,0.0 dB,0.0Hz
119,120,1.118 GHz,20.0 dBm,100.0 ms,0.0 dB,0.0Hz
642,643,1.641 GHz,20.0 dBm,100.0 ms,0.0 dB,0.0Hz
1000,1001,1.999 GHz,20.0 dBm,100.0 ms,0.0 dB,0.0Hz
752,753,1.751 GHz,20.0 dBm,100.0 ms,0.0 dB,0.0Hz
876,877,1.875 GHz,20.0 dBm,100.0 ms,0.0 dB,0.0Hz
683,684,1.682 GHz,20.0 dBm,100.0 ms,0.0 dB,0.0Hz
636,637,1.635 GHz,20.0 dBm,100.0 ms,0.0 dB,0.0Hz
896,897,1.895 GHz,20.0 dBm,100.0 ms,0.0 dB,0.0Hz
10,11,1.009 GHz,20.0 dBm,100.0 ms,0.0 dB,0.0Hz
590,591,1.589 GHz,20.0 dBm,100.0 ms,0.0 dB,0.0Hz
671,672,1.67 GHz,20.0 dBm,100.0 ms,0.0 dB,0.0Hz
944,945,1.943 GHz,20.0 dBm,100.0 ms,0.0 dB,0.0Hz
472,473,1.471 GHz,20.0 dBm,100.0 ms,0.0 dB,0.0Hz
169,170,1.168 GHz,20.0 dBm,100.0 ms,0.0 dB,0.0Hz
862,863,1.861 GHz,20.0 dBm,100.0 ms,0.0 dB,0.0Hz
962,963,1.961 GHz,20.0 dBm,100.0 ms,0.0 dB,0.0Hz
181,182,1.18 GHz,20.0 dBm,100.0 ms,0.0 dB,0.0Hz
299,300,1.298 GHz,20.0 dBm,100.0 ms,0.0 dB,0.0Hz
937,938,1.936 GHz,20.0 dBm,100.0 ms,0.0 dB,0.0Hz
978,979,1.977 GHz,20.0 dBm,100.0 ms,0.0 dB,0.0Hz
173,174,1.172 GHz,20.0 dBm,100.0 ms,0.0 dB,0.0Hz
226,227,1.225 GHz,20.0 dBm,100.0 ms,0.0 dB,0.0Hz
662,663,1.661 GHz,20.0 dBm,100.0 ms,0.0 dB,0.0Hz
793,794,1.792 GHz,20.0 dBm,100.0 ms,0.0 dB,0.0Hz
544,545,1.543 GHz,20.0 dBm,100.0 ms,0.0 dB,0.0Hz
54,55,1.053 GHz,20.0 dBm,100.0 ms,0.0 dB,0.0Hz
298,299,1.297 GHz,20.0 dBm,100.0 ms,0.0 dB,0.0Hz
965,966,1.964 GHz,20.0 dBm,100.0 ms,0.0 dB,0.0Hz
510,511,1.509 GHz,20.0 dBm,100.0 ms,0.0 dB,0.0Hz
289,290,1.288 GHz,20.0 dBm,100.0 ms,0.0 dB,0.0Hz
466,467,1.465 GHz,20.0 dBm,100.0 ms,0.0 dB,0.0Hz
789,790,1.788 GHz,20.0 dBm,100.0 ms,0.0 dB,0.0Hz
188,189,1.187 GHz,20.0 dBm,100.0 ms,0.0 dB,0.0Hz
268,269,1.267 GHz,20.0 dBm,100.0 ms,0.0 dB,0.0Hz
601,602,1.6 GHz,20.0 dBm,100.0 ms,0.0 dB,0.0Hz
57,58,1.056 GHz,20.0 dBm,100.0 ms,0.0 dB,0.0Hz
410,411,1.409 GHz,20.0 dBm,100.0 ms,0.0 dB,0.0Hz
618,619,1.617 GHz,20.0 dBm,100.0 ms,0.0 dB,0.0Hz
839,840,1.838 GHz,20.0 dBm,100.0 ms,0.0 dB,0.0Hz
438,439,1.437 GHz,20.0 dBm,100.0 ms,0.0 dB,0.0Hz
395,396,1.394 GHz,20.0 dBm,100.0 ms,0.0 dB,0.0Hz
940,941,1.939 GHz,20.0 dBm,100.0 ms,0.0 dB,0.0Hz
558,559,1.557 GHz,20.0 dBm,100.0 ms,0.0 dB,0.0Hz
311,312,1.31 GHz,20.0 dBm,100.0 ms,0.0 dB,0.0Hz
946,947,1.945 GHz,20.0 dBm,100.0 ms,0.0 dB,0.0Hz
327,328,1.326 GHz,20.0 dBm,100.0 ms,0.0 dB,0.0Hz
972,973,1.971 GHz,20.0 dBm,100.0 ms,0.0 dB,0.0Hz
949,950,1.948 GHz,20.0 dBm,100.0 ms,0.0 dB,0.0Hz
705,706,1.704 GHz,20.0 dBm,100.0 ms,0.0 dB,0.0Hz
113,114,1.112 GHz,20.0 dBm,100.0 ms,0.0 dB,0.0Hz
882,883,1.881 GHz,20.0 dBm,100.0 ms,0.0 dB,0.0Hz
272,273,1.271 GHz,20.0 dBm,100.0 ms,0.0 dB,0.0Hz
91,92,1.09 GHz,20.0 dBm,100.0 ms,0.0 dB,0.0Hz
570,571,1.569 GHz,20.0 dBm,100.0 ms,0.0 dB,0.0Hz
631,632,1.63 GHz,20.0 dBm,100.0 ms,0.0 dB,0.0Hz
369,370,1.368 GHz,20.0 dBm,100.0 ms,0.0 dB,0.0Hz
219,220,1.218 GHz,20.0 dBm,100.0 ms,0.0 dB,0.0Hz
825,826,1.824 GHz,20.0 dBm,100.0 ms,0.0 dB,0.0Hz
118,119,1.117 GHz,20.0 dBm,100.0 ms,0.0 dB,0.0Hz
498,499,1.497 GHz,20.0 dBm,100.0 ms,0.0 dB,0.0Hz
557,558,1.556 GHz,20.0 dBm,100.0 ms,0.0 dB,0.0Hz
450,451,1.449 GHz,20.0 dBm,100.0 ms,0.0 dB,0.0Hz
546,547,1.545 GHz,20.0 dBm,100.0 ms,0.0 dB,0.0Hz
234,235,1.233 GHz,20.0 dBm,100.0 ms,0.0 dB,0.0Hz
489,490,1.488 GHz,20.0 dBm,100.0 ms,0.0 dB,0.0Hz
78,79,1.077 GHz,20.0 dBm,100.0 ms,0.0 dB,0.0Hz
730,731,1.729 GHz,20.0 dBm,100.0 ms,0.0 dB,0.0Hz
417,418,1.416 GHz,20.0 dBm,100.0 ms,0.0 dB,0.0Hz
518,519,1.517 GHz,20.0 dBm,100.0 ms,0.0 dB,0.0Hz
572,573,1.571 GHz,20.0 dBm,100.0 ms,0.0 dB,0.0Hz
402,403,1.401 GHz,20.0 dBm,100.0 ms,0.0 dB,0.0Hz
973,974,1.972 GHz,20.0 dBm,100.0 ms,0.0 dB,0.0Hz
2,3,1.001 GHz,20.0 dBm,100.0 ms,0.0 dB,0.0Hz
745,746,1.744 GHz,20.0 dBm,100.0 ms,0.0 dB,0.0Hz
105,106,1.104 GHz,20.0 dBm,100.0 ms,0.0 dB,0.0Hz
152,153,1.151 GHz,20.0 dBm,100.0 ms,0.0 dB,0.0Hz
388,389,1.387 GHz,20.0 dBm,100.0 ms,0.0 dB,0.0Hz
680,681,1.679 GHz,20.0 dBm,100.0 ms,0.0 dB,0.0Hz
660,661,1.659 GHz,20.0 dBm,100.0 ms,0.0 dB,0.0Hz
502,503,1.501 GHz,20.0 dBm,100.0 ms,0.0 dB,0.0Hz
6,7,1.005 GHz,20.0 dBm,100.0 ms,0.0 dB,0.0Hz
933,934,1.932 GHz,20.0 dBm,100.0 ms,0.0 dB,0.0Hz
988,989,1.987 GHz,20.0 dBm,100.0 ms,0.0 dB,0.0Hz
465,466,1.464 GHz,20.0 dBm,100.0 ms,0.0 dB,0.0Hz
920,921,1.919 GHz,20.0 dBm,100.0 ms,0.0 dB,0.0Hz
333,334,1.332 GHz,20.0 dBm,100.0 ms,0.0 dB,0.0Hz
606,607,1.605 GHz,20.0 dBm,100.0 ms,0.0 dB,0.0Hz
393,394,1.392 GHz,20.0 dBm,100.0 ms,0.0 dB,0.0Hz
325,326,1.324 GHz,20.0 dBm,100.0 ms,0.0 dB,0.0Hz
803,804,1.802 GHz,20.0 dBm,100.0 ms,0.0 dB,0.0Hz
273,274,1.272 GHz,20.0 dBm,100.0 ms,0.0 dB,0.0Hz
917,918,1.916 GHz,20.0 dBm,100.0 ms,0.0 dB,0.0Hz
719,720,1.718 GHz,20.0 dBm,100.0 ms,0.0 dB,0.0Hz
774,775,1.773 GHz,20.0 dBm,100.0 ms,0.0 dB,0.0Hz
875,876,1.874 GHz,20.0 dBm,100.0 ms,0.0 dB,0.0Hz
220,221,1.219 GHz,20.0 dBm,100.0 ms,0.0 dB,0.0Hz
305,306,1.304 GHz,20.0 dBm,100.0 ms,0.0 dB,0.0Hz
967,968,1.966 GHz,20.0 dBm,100.0 ms,0.0 dB,0.0Hz
237,238,1.236 GHz,20.0 dBm,100.0 ms,0.0 dB,0.0Hz
541,542,1.54 GHz,20.0 dBm,100.0 ms,0.0 dB,0.0Hz
163,164,1.162 GHz,20.0 dBm,100.0 ms,0.0 dB,0.0Hz
230,231,1.229 GHz,20.0 dBm,100.0 ms,0.0 dB,0.0Hz
734,735,1.733 GHz,20.0 dBm,100.0 ms,0.0 dB,0.0Hz
13,14,1.012 GHz,20.0 dBm,100.0 ms,0.0 dB,0.0Hz
847,848,1.846 GHz,20.0 dBm,100.0 ms,0.0 dB,0.0Hz
461,462,1.46 GHz,20.0 dBm,100.0 ms,0.0 dB,0.0Hz
829,830,1.828 GHz,20.0 dBm,100.0 ms,0.0 dB,0.0Hz
247,248,1.246 GHz,20.0 dBm,100.0 ms,0.0 dB,0.0Hz
856,857,1.855 GHz,20.0 dBm,100.0 ms,0.0 dB,0.0Hz
841,842,1.84 GHz,20.0 dBm,100.0 ms,0.0 dB,0.0Hz
48,49,1.047 GHz,20.0 dBm,100.0 ms,0.0 dB,0.0Hz
872,873,1.871 GHz,20.0 dBm,100.0 ms,0.0 dB,0.0Hz
485,486,1.484 GHz,20.0 dBm,100.0 ms,0.0 dB,0.0Hz
206,207,1.205 GHz,20.0 dBm,100.0 ms,0.0 dB,0.0Hz
383,384,1.382 GHz,20.0 dBm,100.0 ms,0.0 dB,0.0Hz
653,654,1.652 GHz,20.0 dBm,100.0 ms,0.0 dB,0.0Hz
432,433,1.431 GHz,20.0 dBm,100.0 ms,0.0 dB,0.0Hz
820,821,1.819 GHz,20.0 dBm,100.0 ms,0.0 dB,0.0Hz
609,610,1.608 GHz,20.0 dBm,100.0 ms,0.0 dB,0.0Hz
474,475,1.473 GHz,20.0 dBm,100.0 ms,0.0 dB,0.0Hz
716,717,1.715 GHz,20.0 dBm,100.0 ms,0.0 dB,0.0Hz
405,406,1.404 GHz,20.0 dBm,100.0 ms,0.0 dB,0.0Hz
501,502,1.5 GHz,20.0 dBm,100.0 ms,0.0 dB,0.0Hz
449,450,1.448 GHz,20.0 dBm,100.0 ms,0.0 dB,0.0Hz
50,51,1.049 GHz,20.0 dBm,100.0 ms,0.0 dB,0.0Hz
589,590,1.588 GHz,20.0 dBm,100.0 ms,0.0 dB,0.0Hz
763,764,1.762 GHz,20.0 dBm,100.0 ms,0.0 dB,0.0Hz
318,319,1.317 GHz,20.0 dBm,100.0 ms,0.0 dB,0.0Hz
620,621,1.619 GHz,20.0 dBm,100.0 ms,0.0 dB,0.0Hz
212,213,1.211 GHz,20.0 dBm,100.0 ms,0.0 dB,0.0Hz
674,675,1.673 GHz,20.0 dBm,100.0 ms,0.0 dB,0.0Hz
826,827,1.825 GHz,20.0 dBm,100.0 ms,0.0 dB,0.0Hz
659,660,1.658 GHz,20.0 dBm,100.0 ms,0.0 dB,0.0Hz
651,652,1.65 GHz,20.0 dBm,100.0 ms,0.0 dB,0.0Hz
767,768,1.766 GHz,20.0 dBm,100.0 ms,0.0 dB,0.0Hz
899,900,1.898 GHz,20.0 dBm,100.0 ms,0.0 dB,0.0Hz
939,940,1.938 GHz,20.0 dBm,100.0 ms,0.0 dB,0.0Hz
997,998,1.996 GHz,20.0 dBm,100.0 ms,0.0 dB,0.0Hz
528,529,1.527 GHz,20.0 dBm,100.0 ms,0.0 dB,0.0Hz
482,483,1.481 GHz,20.0 dBm,100.0 ms,0.0 dB,0.0Hz
171,172,1.17 GHz,20.0 dBm,100.0 ms,0.0 dB,0.0Hz
644,645,1.643 GHz,20.0 dBm,100.0 ms,0.0 dB,0.0Hz
801,802,1.8 GHz,20.0 dBm,100.0 ms,0.0 dB,0.0Hz
500,501,1.499 GHz,20.0 dBm,100.0 ms,0.0 dB,0.0Hz
655,656,1.654 GHz,20.0 dBm,100.0 ms,0.0 dB,0.0Hz
548,549,1.547 GHz,20.0 dBm,100.0 ms,0.0 dB,0.0Hz
264,265,1.263 GHz,20.0 dBm,100.0 ms,0.0 dB,0.0Hz
838,839,1.837 GHz,20.0 dBm,100.0 ms,0.0 dB,0.0Hz
147,148,1.146 GHz,20.0 dBm,100.0 ms,0.0 dB,0.0Hz
127,128,1.126 GHz,20.0 dBm,100.0 ms,0.0 dB,0.0Hz
480,481,1.479 GHz,20.0 dBm,100.0 ms,0.0 dB,0.0Hz
246,247,1.245 GHz,20.0 dBm,100.0 ms,0.0 dB,0.0Hz
905,906,1.904 GHz,20.0 dBm,100.0 ms,0.0 dB,0.0Hz
887,888,1.886 GHz,20.0 dBm,100.0 ms,0.0 dB,0.0Hz
137,138,1.136 GHz,20.0 dBm,100.0 ms,0.0 dB,0.0Hz
813,814,1.812 GHz,20.0 dBm,100.0 ms,0.0 dB,0.0Hz
406,407,1.405 GHz,20.0 dBm,100.0 ms,0.0 dB,0.0Hz
66,67,1.065 GHz,20.0 dBm,100.0 ms,0.0 dB,0.0Hz
540,541,1.539 GHz,20.0 dBm,100.0 ms,0.0 dB,0.0Hz
180,181,1.179 GHz,20.0 dBm,100.0 ms,0.0 dB,0.0Hz
29,30,1.028 GHz,20.0 dBm,100.0 ms,0.0 dB,0.0Hz
919,920,1.918 GHz,20.0 dBm,100.0 ms,0.0 dB,0.0Hz
360,361,1.359 GHz,20.0 dBm,100.0 ms,0.0 dB,0.0Hz
706,707,1.705 GHz,20.0 dBm,100.0 ms,0.0 dB,0.0Hz
88,89,1.087 GHz,20.0 dBm,100.0 ms,0.0 dB,0.0Hz
357,358,1.356 GHz,20.0 dBm,100.0 ms,0.0 dB,0.0Hz
812,813,1.811 GHz,20.0 dBm,100.0 ms,0.0 dB,0.0Hz
150,151,1.149 GHz,20.0 dBm,100.0 ms,0.0 dB,0.0Hz
571,572,1.57 GHz,20.0 dBm,100.0 ms,0.0 dB,0.0Hz
672,673,1.671 GHz,20.0 dBm,100.0 ms,0.0 dB,0.0Hz
532,533,1.531 GHz,20.0 dBm,100.0 ms,0.0 dB,0.0Hz
16,17,1.015 GHz,20.0 dBm,100.0 ms,0.0 dB,0.0Hz
761,762,1.76 GHz,20.0 dBm,100.0 ms,0.0 dB,0.0Hz
222,223,1.221 GHz,20.0 dBm,100.0 ms,0.0 dB,0.0Hz
431,432,1.43 GHz,20.0 dBm,100.0 ms,0.0 dB,0.0Hz
214,215,1.213 GHz,20.0 dBm,100.0 ms,0.0 dB,0.0Hz
303,304,1.302 GHz,20.0 dBm,100.0 ms,0.0 dB,0.0Hz
30,31,1.029 GHz,20.0 dBm,100.0 ms,0.0 dB,0.0Hz
883,884,1.882 GHz,20.0 dBm,100.0 ms,0.0 dB,0.0Hz
427,428,1.426 GHz,20.0 dBm,100.0 ms,0.0 dB,0.0Hz
641,642,1.64 GHz,20.0 dBm,100.0 ms,0.0 dB,0.0Hz
844,845,1.843 GHz,20.0 dBm,100.0 ms,0.0 dB,0.0Hz
83,84,1.082 GHz,20.0 dBm,100.0 ms,0.0 dB,0.0Hz
198,199,1.197 GHz,20.0 dBm,100.0 ms,0.0 dB,0.0Hz
516,517,1.515 GHz,20.0 dBm,100.0 ms,0.0 dB,0.0Hz
374,375,1.373 GHz,20.0 dBm,100.0 ms,0.0 dB,0.0Hz
614,615,1.613 GHz,20.0 dBm,100.0 ms,0.0 dB,0.0Hz
386,387,1.385 GHz,20.0 dBm,100.0 ms,0.0 dB,0.0Hz
969,970,1.968 GHz,20.0 dBm,100.0 ms,0.0 dB,0.0Hz
769,770,1.768 GHz,20.0 dBm,100.0 ms,0.0 dB,0.0Hz
435,436,1.434 GHz,20.0 dBm,100.0 ms,0.0 dB,0.0Hz
584,585,1.583 GHz,20.0 dBm,100.0 ms,0.0 dB,0.0Hz
714,715,1.713 GHz,20.0 dBm,100.0 ms,0.0 dB,0.0Hz
213,214,1.212 GHz,20.0 dBm,100.0 ms,0.0 dB,0.0Hz
700,701,1.699 GHz,20.0 dBm,100.0 ms,0.0 dB,0.0Hz
687,688,1.686 GHz,20.0 dBm,100.0 ms,0.0 dB,0.0Hz
902,903,1.901 GHz,20.0 dBm,100.0 ms,0.0 dB,0.0Hz
343,344,1.342 GHz,20.0 dBm,100.0 ms,0.0 dB,0.0Hz
468,469,1.467 GHz,20.0 dBm,100.0 ms,0.0 dB,0.0Hz
550,551,1.549 GHz,20.0 dBm,100.0 ms,0.0 dB,0.0Hz
850,851,1.849 GHz,20.0 dBm,100.0 ms,0.0 dB,0.0Hz
93,94,1.092 GHz,20.0 dBm,100.0 ms,0.0 dB,0.0Hz
5,6,1.004 GHz,20.0 dBm,100.0 ms,0.0 dB,0.0Hz
686,687,1.685 GHz,20.0 dBm,100.0 ms,0.0 dB,0.0Hz
952,953,1.951 GHz,20.0 dBm,100.0 ms,0.0 dB,0.0Hz
351,352,1.35 GHz,20.0 dBm,100.0 ms,0.0 dB,0.0Hz
102,103,1.101 GHz,20.0 dBm,100.0 ms,0.0 dB,0.0Hz
458,459,1.457 GHz,20.0 dBm,100.0 ms,0.0 dB,0.0Hz
762,763,1.761 GHz,20.0 dBm,100.0 ms,0.0 dB,0.0Hz
681,682,1.68 GHz,20.0 dBm,100.0 ms,0.0 dB,0.0Hz
927,928,1.926 GHz,20.0 dBm,100.0 ms,0.0 dB,0.0Hz
592,593,1.591 GHz,20.0 dBm,100.0 ms,0.0 dB,0.0Hz
529,530,1.528 GHz,20.0 dBm,100.0 ms,0.0 dB,0.0Hz
39,40,1.038 GHz,20.0 dBm,100.0 ms,0.0 dB,0.0Hz
255,256,1.254 GHz,20.0 dBm,100.0 ms,0.0 dB,0.0Hz
676,677,1.675 GHz,20.0 dBm,100.0 ms,0.0 dB,0.0Hz
100,101,1.099 GHz,20.0 dBm,100.0 ms,0.0 dB,0.0Hz
995,996,1.994 GHz,20.0 dBm,100.0 ms,0.0 dB,0.0Hz
984,985,1.983 GHz,20.0 dBm,100.0 ms,0.0 dB,0.0Hz
786,787,1.785 GHz,20.0 dBm,100.0 ms,0.0 dB,0.0Hz
366,367,1.365 GHz,20.0 dBm,100.0 ms,0.0 dB,0.0Hz
263,264,1.262 GHz,20.0 dBm,100.0 ms,0.0 dB,0.0Hz
424,425,1.423 GHz,20.0 dBm,100.0 ms,0.0 dB,0.0Hz
337,338,1.336 GHz,20.0 dBm,100.0 ms,0.0 dB,0.0Hz
425,426,1.424 GHz,20.0 dBm,100.0 ms,0.0 dB,0.0Hz
453,454,1.452 GHz,20.0 dBm,100.0 ms,0.0 dB,0.0Hz
565,566,1.564 GHz,20.0 dBm,100.0 ms,0.0 dB,0.0Hz
808,809,1.807 GHz,20.0 dBm,100.0 ms,0.0 dB,0.0Hz
692,693,1.691 GHz,20.0 dBm,100.0 ms,0.0 dB,0.0Hz
328,329,1.327 GHz,20.0 dBm,100.0 ms,0.0 dB,0.0Hz
652,653,1.651 GHz,20.0 dBm,100.0 ms,0.0 dB,0.0Hz
918,919,1.917 GHz,20.0 dBm,100.0 ms,0.0 dB,0.0Hz
175,176,1.174 GHz,20.0 dBm,100.0 ms,0.0 dB,0.0Hz
423,424,1.422 GHz,20.0 dBm,100.0 ms,0.0 dB,0.0Hz
189,190,1.188 GHz,20.0 dBm,100.0 ms,0.0 dB,0.0Hz
139,140,1.138 GHz,20.0 dBm,100.0 ms,0.0 dB,0.0Hz
800,801,1.799 GHz,20.0 dBm,100.0 ms,0.0 dB,0.0Hz
623,624,1.622 GHz,20.0 dBm,100.0 ms,0.0 dB,0.0Hz
996,997,1.995 GHz,20.0 dBm,100.0 ms,0.0 dB,0.0Hz
221,222,1.22 GHz,20.0 dBm,100.0 ms,0.0 dB,0.0Hz
123,124,1.122 GHz,20.0 dBm,100.0 ms,0.0 dB,0.0Hz
874,875,1.873 GHz,20.0 dBm,100.0 ms,0.0 dB,0.0Hz
200,201,1.199 GHz,20.0 dBm,100.0 ms,0.0 dB,0.0Hz
164,165,1.163 GHz,20.0 dBm,100.0 ms,0.0 dB,0.0Hz
503,504,1.502 GHz,20.0 dBm,100.0 ms,0.0 dB,0.0Hz
116,117,1.115 GHz,20.0 dBm,100.0 ms,0.0 dB,0.0Hz
495,496,1.494 GHz,20.0 dBm,100.0 ms,0.0 dB,0.0Hz
464,465,1.463 GHz,20.0 dBm,100.0 ms,0.0 dB,0.0Hz
477,478,1.476 GHz,20.0 dBm,100.0 ms,0.0 dB,0.0Hz
121,122,1.12 GHz,20.0 dBm,100.0 ms,0.0 dB,0.0Hz
894,895,1.893 GHz,20.0 dBm,100.0 ms,0.0 dB,0.0Hz
447,448,1.446 GHz,20.0 dBm,100.0 ms,0.0 dB,0.0Hz
846,847,1.845 GHz,20.0 dBm,100.0 ms,0.0 dB,0.0Hz
403,404,1.402 GHz,20.0 dBm,100.0 ms,0.0 dB,0.0Hz
764,765,1.763 GHz,20.0 dBm,100.0 ms,0.0 dB,0.0Hz
530,531,1.529 GHz,20.0 dBm,100.0 ms,0.0 dB,0.0Hz
727,728,1.726 GHz,20.0 dBm,100.0 ms,0.0 dB,0.0Hz
775,776,1.774 GHz,20.0 dBm,100.0 ms,0.0 dB,0.0Hz
638,639,1.637 GHz,20.0 dBm,100.0 ms,0.0 dB,0.0Hz
824,825,1.823 GHz,20.0 dBm,100.0 ms,0.0 dB,0.0Hz
564,565,1.563 GHz,20.0 dBm,100.0 ms,0.0 dB,0.0Hz
735,736,1.734 GHz,20.0 dBm,100.0 ms,0.0 dB,0.0Hz
815,816,1.814 GHz,20.0 dBm,100.0 ms,0.0 dB,0.0Hz
261,262,1.26 GHz,20.0 dBm,100.0 ms,0.0 dB,0.0Hz
202,203,1.201 GHz,20.0 dBm,100.0 ms,0.0 dB,0.0Hz
62,63,1.061 GHz,20.0 dBm,100.0 ms,0.0 dB,0.0Hz
422,423,1.421 GHz,20.0 dBm,100.0 ms,0.0 dB,0.0Hz
576,577,1.575 GHz,20.0 dBm,100.0 ms,0.0 dB,0.0Hz
737,738,1.736 GHz,20.0 dBm,100.0 ms,0.0 dB,0.0Hz
314,315,1.313 GHz,20.0 dBm,100.0 ms,0.0 dB,0.0Hz
340,341,1.339 GHz,20.0 dBm,100.0 ms,0.0 dB,0.0Hz
274,275,1.273 GHz,20.0 dBm,100.0 ms,0.0 dB,0.0Hz
556,557,1.555 GHz,20.0 dBm,100.0 ms,0.0 dB,0.0Hz
507,508,1.506 GHz,20.0 dBm,100.0 ms,0.0 dB,0.0Hz
56,57,1.055 GHz,20.0 dBm,100.0 ms,0.0 dB,0.0Hz
97,98,1.096 GHz,20.0 dBm,100.0 ms,0.0 dB,0.0Hz
209,210,1.208 GHz,20.0 dBm,100.0 ms,0.0 dB,0.0Hz
204,205,1.203 GHz,20.0 dBm,100.0 ms,0.0 dB,0.0Hz
985,986,1.984 GHz,20.0 dBm,100.0 ms,0.0 dB,0.0Hz
36,37,1.035 GHz,20.0 dBm,100.0 ms,0.0 dB,0.0Hz
608,609,1.607 GHz,20.0 dBm,100.0 ms,0.0 dB,0.0Hz
155,156,1.154 GHz,20.0 dBm,100.0 ms,0.0 dB,0.0Hz
370,371,1.369 GHz,20.0 dBm,100.0 ms,0.0 dB,0.0Hz
104,105,1.103 GHz,20.0 dBm,100.0 ms,0.0 dB,0.0Hz
723,724,1.722 GHz,20.0 dBm,100.0 ms,0.0 dB,0.0Hz
986,987,1.985 GHz,20.0 dBm,100.0 ms,0.0 dB,0.0Hz
478,479,1.477 GHz,20.0 dBm,100.0 ms,0.0 dB,0.0Hz
96,97,1.095 GHz,20.0 dBm,100.0 ms,0.0 dB,0.0Hz
160,161,1.159 GHz,20.0 dBm,100.0 ms,0.0 dB,0.0Hz
243,244,1.242 GHz,20.0 dBm,100.0 ms,0.0 dB,0.0Hz
859,860,1.858 GHz,20.0 dBm,100.0 ms,0.0 dB,0.0Hz
347,348,1.346 GHz,20.0 dBm,100.0 ms,0.0 dB,0.0Hz
870,871,1.869 GHz,20.0 dBm,100.0 ms,0.0 dB,0.0Hz
28,29,1.027 GHz,20.0 dBm,100.0 ms,0.0 dB,0.0Hz
290,291,1.289 GHz,20.0 dBm,100.0 ms,0.0 dB,0.0Hz
170,171,1.169 GHz,20.0 dBm,100.0 ms,0.0 dB,0.0Hz
232,233,1.231 GHz,20.0 dBm,100.0 ms,0.0 dB,0.0Hz
835,836,1.834 GHz,20.0 dBm,100.0 ms,0.0 dB,0.0Hz
33,34,1.032 GHz,20.0 dBm,100.0 ms,0.0 dB,0.0Hz
749,750,1.748 GHz,20.0 dBm,100.0 ms,0.0 dB,0.0Hz
375,376,1.374 GHz,20.0 dBm,100.0 ms,0.0 dB,0.0Hz
49,50,1.048 GHz,20.0 dBm,100.0 ms,0.0 dB,0.0Hz
486,487,1.485 GHz,20.0 dBm,100.0 ms,0.0 dB,0.0Hz
722,723,1.721 GHz,20.0 dBm,100.0 ms,0.0 dB,0.0Hz
469,470,1.468 GHz,20.0 dBm,100.0 ms,0.0 dB,0.0Hz
439,440,1.438 GHz,20.0 dBm,100.0 ms,0.0 dB,0.0Hz
41,42,1.04 GHz,20.0 dBm,100.0 ms,0.0 dB,0.0Hz
433,434,1.432 GHz,20.0 dBm,100.0 ms,0.0 dB,0.0Hz
948,949,1.947 GHz,20.0 dBm,100.0 ms,0.0 dB,0.0Hz
302,303,1.301 GHz,20.0 dBm,100.0 ms,0.0 dB,0.0Hz
107,108,1.106 GHz,20.0 dBm,100.0 ms,0.0 dB,0.0Hz
238,239,1.237 GHz,20.0 dBm,100.0 ms,0.0 dB,0.0Hz
409,410,1.408 GHz,20.0 dBm,100.0 ms,0.0 dB,0.0Hz
194,195,1.193 GHz,20.0 dBm,100.0 ms,0.0 dB,0.0Hz
698,699,1.697 GHz,20.0 dBm,100.0 ms,0.0 dB,0.0Hz
490,491,1.489 GHz,20.0 dBm,100.0 ms,0.0 dB,0.0Hz
400,401,1.399 GHz,20.0 dBm,100.0 ms,0.0 dB,0.0Hz
111,112,1.11 GHz,20.0 dBm,100.0 ms,0.0 dB,0.0Hz
276,277,1.275 GHz,20.0 dBm,100.0 ms,0.0 dB,0.0Hz
643,644,1.642 GHz,20.0 dBm,100.0 ms,0.0 dB,0.0Hz
857,858,1.856 GHz,20.0 dBm,100.0 ms,0.0 dB,0.0Hz
842,843,1.841 GHz,20.0 dBm,100.0 ms,0.0 dB,0.0Hz
506,507,1.505 GHz,20.0 dBm,100.0 ms,0.0 dB,0.0Hz
551,552,1.55 GHz,20.0 dBm,100.0 ms,0.0 dB,0.0Hz
67,68,1.066 GHz,20.0 dBm,100.0 ms,0.0 dB,0.0Hz
522,523,1.521 GHz,20.0 dBm,100.0 ms,0.0 dB,0.0Hz
729,730,1.728 GHz,20.0 dBm,100.0 ms,0.0 dB,0.0Hz
37,38,1.036 GHz,20.0 dBm,100.0 ms,0.0 dB,0.0Hz
258,259,1.257 GHz,20.0 dBm,100.0 ms,0.0 dB,0.0Hz
956,957,1.955 GHz,20.0 dBm,100.0 ms,0.0 dB,0.0Hz
925,926,1.924 GHz,20.0 dBm,100.0 ms,0.0 dB,0.0Hz
227,228,1.226 GHz,20.0 dBm,100.0 ms,0.0 dB,0.0Hz
791,792,1.79 GHz,20.0 dBm,100.0 ms,0.0 dB,0.0Hz
372,373,1.371 GHz,20.0 dBm,100.0 ms,0.0 dB,0.0Hz
319,320,1.318 GHz,20.0 dBm,100.0 ms,0.0 dB,0.0Hz
713,714,1.712 GHz,20.0 dBm,100.0 ms,0.0 dB,0.0Hz
414,415,1.413 GHz,20.0 dBm,100.0 ms,0.0 dB,0.0Hz
916,917,1.915 GHz,20.0 dBm,100.0 ms,0.0 dB,0.0Hz
559,560,1.558 GHz,20.0 dBm,100.0 ms,0.0 dB,0.0Hz
167,168,1.166 GHz,20.0 dBm,100.0 ms,0.0 dB,0.0Hz
853,854,1.852 GHz,20.0 dBm,100.0 ms,0.0 dB,0.0Hz
368,369,1.367 GHz,20.0 dBm,100.0 ms,0.0 dB,0.0Hz
816,817,1.815 GHz,20.0 dBm,100.0 ms,0.0 dB,0.0Hz
804,805,1.803 GHz,20.0 dBm,100.0 ms,0.0 dB,0.0Hz
496,497,1.495 GHz,20.0 dBm,100.0 ms,0.0 dB,0.0Hz
242,243,1.241 GHz,20.0 dBm,100.0 ms,0.0 dB,0.0Hz
114,115,1.113 GHz,20.0 dBm,100.0 ms,0.0 dB,0.0Hz
245,246,1.244 GHz,20.0 dBm,100.0 ms,0.0 dB,0.0Hz
989,990,1.988 GHz,20.0 dBm,100.0 ms,0.0 dB,0.0Hz
286,287,1.285 GHz,20.0 dBm,100.0 ms,0.0 dB,0.0Hz
297,298,1.296 GHz,20.0 dBm,100.0 ms,0.0 dB,0.0Hz
384,385,1.383 GHz,20.0 dBm,100.0 ms,0.0 dB,0.0Hz
412,413,1.411 GHz,20.0 dBm,100.0 ms,0.0 dB,0.0Hz
942,943,1.941 GHz,20.0 dBm,100.0 ms,0.0 dB,0.0Hz
864,865,1.863 GHz,20.0 dBm,100.0 ms,0.0 dB,0.0Hz
766,767,1.765 GHz,20.0 dBm,100.0 ms,0.0 dB,0.0Hz
467,468,1.466 GHz,20.0 dBm,100.0 ms,0.0 dB,0.0Hz
362,363,1.361 GHz,20.0 dBm,100.0 ms,0.0 dB,0.0Hz
128,129,1.127 GHz,20.0 dBm,100.0 ms,0.0 dB,0.0Hz
241,242,1.24 GHz,20.0 dBm,100.0 ms,0.0 dB,0.0Hz
307,308,1.306 GHz,20.0 dBm,100.0 ms,0.0 dB,0.0Hz
831,832,1.83 GHz,20.0 dBm,100.0 ms,0.0 dB,0.0Hz
724,725,1.723 GHz,20.0 dBm,100.0 ms,0.0 dB,0.0Hz
260,261,1.259 GHz,20.0 dBm,100.0 ms,0.0 dB,0.0Hz
32,33,1.031 GHz,20.0 dBm,100.0 ms,0.0 dB,0.0Hz
346,347,1.345 GHz,20.0 dBm,100.0 ms,0.0 dB,0.0Hz
547,548,1.546 GHz,20.0 dBm,100.0 ms,0.0 dB,0.0Hz
901,902,1.9 GHz,20.0 dBm,100.0 ms,0.0 dB,0.0Hz
15,16,1.014 GHz,20.0 dBm,100.0 ms,0.0 dB,0.0Hz
591,592,1.59 GHz,20.0 dBm,100.0 ms,0.0 dB,0.0Hz
46,47,1.045 GHz,20.0 dBm,100.0 ms,0.0 dB,0.0Hz
958,959,1.957 GHz,20.0 dBm,100.0 ms,0.0 dB,0.0Hz
728,729,1.727 GHz,20.0 dBm,100.0 ms,0.0 dB,0.0Hz
281,282,1.28 GHz,20.0 dBm,100.0 ms,0.0 dB,0.0Hz
568,569,1.567 GHz,20.0 dBm,100.0 ms,0.0 dB,0.0Hz
493,494,1.492 GHz,20.0 dBm,100.0 ms,0.0 dB,0.0Hz
335,336,1.334 GHz,20.0 dBm,100.0 ms,0.0 dB,0.0Hz
350,351,1.349 GHz,20.0 dBm,100.0 ms,0.0 dB,0.0Hz
784,785,1.783 GHz,20.0 dBm,100.0 ms,0.0 dB,0.0Hz
429,430,1.428 GHz,20.0 dBm,100.0 ms,0.0 dB,0.0Hz
476,477,1.475 GHz,20.0 dBm,100.0 ms,0.0 dB,0.0Hz
326,327,1.325 GHz,20.0 dBm,100.0 ms,0.0 dB,0.0Hz
630,631,1.629 GHz,20.0 dBm,100.0 ms,0.0 dB,0.0Hz
879,880,1.878 GHz,20.0 dBm,100.0 ms,0.0 dB,0.0Hz
832,833,1.831 GHz,20.0 dBm,100.0 ms,0.0 dB,0.0Hz
58,59,1.057 GHz,20.0 dBm,100.0 ms,0.0 dB,0.0Hz
718,719,1.717 GHz,20.0 dBm,100.0 ms,0.0 dB,0.0Hz
239,240,1.238 GHz,20.0 dBm,100.0 ms,0.0 dB,0.0Hz
977,978,1.976 GHz,20.0 dBm,100.0 ms,0.0 dB,0.0Hz
753,754,1.752 GHz,20.0 dBm,100.0 ms,0.0 dB,0.0Hz
577,578,1.576 GHz,20.0 dBm,100.0 ms,0.0 dB,0.0Hz
27,28,1.026 GHz,20.0 dBm,100.0 ms,0.0 dB,0.0Hz
543,544,1.542 GHz,20.0 dBm,100.0 ms,0.0 dB,0.0Hz
616,617,1.615 GHz,20.0 dBm,100.0 ms,0.0 dB,0.0Hz
322,323,1.321 GHz,20.0 dBm,100.0 ms,0.0 dB,0.0Hz
707,708,1.706 GHz,20.0 dBm,100.0 ms,0.0 dB,0.0Hz
748,749,1.747 GHz,20.0 dBm,100.0 ms,0.0 dB,0.0Hz
364,365,1.363 GHz,20.0 dBm,100.0 ms,0.0 dB,0.0Hz
519,520,1.518 GHz,20.0 dBm,100.0 ms,0.0 dB,0.0Hz
79,80,1.078 GHz,20.0 dBm,100.0 ms,0.0 dB,0.0Hz
196,197,1.195 GHz,20.0 dBm,100.0 ms,0.0 dB,0.0Hz
527,528,1.526 GHz,20.0 dBm,100.0 ms,0.0 dB,0.0Hz
575,576,1.574 GHz,20.0 dBm,100.0 ms,0.0 dB,0.0Hz
661,662,1.66 GHz,20.0 dBm,100.0 ms,0.0 dB,0.0Hz
367,368,1.366 GHz,20.0 dBm,100.0 ms,0.0 dB,0.0Hz
99,100,1.098 GHz,20.0 dBm,100.0 ms,0.0 dB,0.0Hz
624,625,1.623 GHz,20.0 dBm,100.0 ms,0.0 dB,0.0Hz
690,691,1.689 GHz,20.0 dBm,100.0 ms,0.0 dB,0.0Hz
555,556,1.554 GHz,20.0 dBm,100.0 ms,0.0 dB,0.0Hz
70,71,1.069 GHz,20.0 dBm,100.0 ms,0.0 dB,0.0Hz
926,927,1.925 GHz,20.0 dBm,100.0 ms,0.0 dB,0.0Hz
323,324,1.322 GHz,20.0 dBm,100.0 ms,0.0 dB,0.0Hz
354,355,1.353 GHz,20.0 dBm,100.0 ms,0.0 dB,0.0Hz
339,340,1.338 GHz,20.0 dBm,100.0 ms,0.0 dB,0.0Hz
162,163,1.161 GHz,20.0 dBm,100.0 ms,0.0 dB,0.0Hz
132,133,1.131 GHz,20.0 dBm,100.0 ms,0.0 dB,0.0Hz
359,360,1.358 GHz,20.0 dBm,100.0 ms,0.0 dB,0.0Hz
278,279,1.277 GHz,20.0 dBm,100.0 ms,0.0 dB,0.0Hz
86,87,1.085 GHz,20.0 dBm,100.0 ms,0.0 dB,0.0Hz
418,419,1.417 GHz,20.0 dBm,100.0 ms,0.0 dB,0.0Hz
90,91,1.089 GHz,20.0 dBm,100.0 ms,0.0 dB,0.0Hz
827,828,1.826 GHz,20.0 dBm,100.0 ms,0.0 dB,0.0Hz
371,372,1.37 GHz,20.0 dBm,100.0 ms,0.0 dB,0.0Hz
790,791,1.789 GHz,20.0 dBm,100.0 ms,0.0 dB,0.0Hz
441,442,1.44 GHz,20.0 dBm,100.0 ms,0.0 dB,0.0Hz
739,740,1.738 GHz,20.0 dBm,100.0 ms,0.0 dB,0.0Hz
888,889,1.887 GHz,20.0 dBm,100.0 ms,0.0 dB,0.0Hz
178,179,1.177 GHz,20.0 dBm,100.0 ms,0.0 dB,0.0Hz
611,612,1.61 GHz,20.0 dBm,100.0 ms,0.0 dB,0.0Hz
44,45,1.043 GHz,20.0 dBm,100.0 ms,0.0 dB,0.0Hz
267,268,1.266 GHz,20.0 dBm,100.0 ms,0.0 dB,0.0Hz
442,443,1.441 GHz,20.0 dBm,100.0 ms,0.0 dB,0.0Hz
889,890,1.888 GHz,20.0 dBm,100.0 ms,0.0 dB,0.0Hz
934,935,1.933 GHz,20.0 dBm,100.0 ms,0.0 dB,0.0Hz
523,524,1.522 GHz,20.0 dBm,100.0 ms,0.0 dB,0.0Hz
436,437,1.435 GHz,20.0 dBm,100.0 ms,0.0 dB,0.0Hz
868,869,1.867 GHz,20.0 dBm,100.0 ms,0.0 dB,0.0Hz
1,2,1.0 GHz,20.0 dBm,100.0 ms,0.0 dB,0.0Hz
552,553,1.551 GHz,20.0 dBm,100.0 ms,0.0 dB,0.0Hz
802,803,1.801 GHz,20.0 dBm,100.0 ms,0.0 dB,0.0Hz
693,694,1.692 GHz,20.0 dBm,100.0 ms,0.0 dB,0.0Hz
376,377,1.375 GHz,20.0 dBm,100.0 ms,0.0 dB,0.0Hz
513,514,1.512 GHz,20.0 dBm,100.0 ms,0.0 dB,0.0Hz
928,929,1.927 GHz,20.0 dBm,100.0 ms,0.0 dB,0.0Hz
308,309,1.307 GHz,20.0 dBm,100.0 ms,0.0 dB,0.0Hz
999,1000,1.998 GHz,20.0 dBm,100.0 ms,0.0 dB,0.0Hz
233,234,1.232 GHz,20.0 dBm,100.0 ms,0.0 dB,0.0Hz
667,668,1.666 GHz,20.0 dBm,100.0 ms,0.0 dB,0.0Hz
197,198,1.196 GHz,20.0 dBm,100.0 ms,0.0 dB,0.0Hz
678,679,1.677 GHz,20.0 dBm,100.0 ms,0.0 dB,0.0Hz
895,896,1.894 GHz,20.0 dBm,100.0 ms,0.0 dB,0.0Hz
320,321,1.319 GHz,20.0 dBm,100.0 ms,0.0 dB,0.0Hz
992,993,1.991 GHz,20.0 dBm,100.0 ms,0.0 dB,0.0Hz
871,872,1.87 GHz,20.0 dBm,100.0 ms,0.0 dB,0.0Hz
599,600,1.598 GHz,20.0 dBm,100.0 ms,0.0 dB,0.0Hz
71,72,1.07 GHz,20.0 dBm,100.0 ms,0.0 dB,0.0Hz
675,676,1.674 GHz,20.0 dBm,100.0 ms,0.0 dB,0.0Hz
265,266,1.264 GHz,20.0 dBm,100.0 ms,0.0 dB,0.0Hz
794,795,1.793 GHz,20.0 dBm,100.0 ms,0.0 dB,0.0Hz
534,535,1.533 GHz,20.0 dBm,100.0 ms,0.0 dB,0.0Hz
657,658,1.656 GHz,20.0 dBm,100.0 ms,0.0 dB,0.0Hz
394,395,1.393 GHz,20.0 dBm,100.0 ms,0.0 dB,0.0Hz
151,152,1.15 GHz,20.0 dBm,100.0 ms,0.0 dB,0.0Hz
205,206,1.204 GHz,20.0 dBm,100.0 ms,0.0 dB,0.0Hz
444,445,1.443 GHz,20.0 dBm,100.0 ms,0.0 dB,0.0Hz
291,292,1.29 GHz,20.0 dBm,100.0 ms,0.0 dB,0.0Hz
60,61,1.059 GHz,20.0 dBm,100.0 ms,0.0 dB,0.0Hz
136,137,1.135 GHz,20.0 dBm,100.0 ms,0.0 dB,0.0Hz
122,123,1.121 GHz,20.0 dBm,100.0 ms,0.0 dB,0.0Hz
817,818,1.816 GHz,20.0 dBm,100.0 ms,0.0 dB,0.0Hz
257,258,1.256 GHz,20.0 dBm,100.0 ms,0.0 dB,0.0Hz
780,781,1.779 GHz,20.0 dBm,100.0 ms,0.0 dB,0.0Hz
854,855,1.853 GHz,20.0 dBm,100.0 ms,0.0 dB,0.0Hz
315,316,1.314 GHz,20.0 dBm,100.0 ms,0.0 dB,0.0Hz
131,132,1.13 GHz,20.0 dBm,100.0 ms,0.0 dB,0.0Hz
142,143,1.141 GHz,20.0 dBm,100.0 ms,0.0 dB,0.0Hz
566,567,1.565 GHz,20.0 dBm,100.0 ms,0.0 dB,0.0Hz
595,596,1.594 GHz,20.0 dBm,100.0 ms,0.0 dB,0.0Hz
663,664,1.662 GHz,20.0 dBm,100.0 ms,0.0 dB,0.0Hz
215,216,1.214 GHz,20.0 dBm,100.0 ms,0.0 dB,0.0Hz
945,946,1.944 GHz,20.0 dBm,100.0 ms,0.0 dB,0.0Hz
893,894,1.892 GHz,20.0 dBm,100.0 ms,0.0 dB,0.0Hz
509,510,1.508 GHz,20.0 dBm,100.0 ms,0.0 dB,0.0Hz
