SN,Freq,Level,Time,Freq Offset,Level Offset
1,9 kHz,-110.0 dBm,500.0 ms,0.0 Hz,0.0 dB
314,256.24 MHz,20.0 dBm,100.0 ms,0.0 dB,0.0Hz
844,266.84 MHz,20.0 dBm,100.0 ms,0.0 dB,0.0Hz
100,251.96 MHz,20.0 dBm,100.0 ms,0.0 dB,0.0Hz
953,269.02 MHz,20.0 dBm,100.0 ms,0.0 dB,0.0Hz
817,266.3 MHz,20.0 dBm,100.0 ms,0.0 dB,0.0Hz
985,269.66 MHz,20.0 dBm,100.0 ms,0.0 dB,0.0Hz
175,253.46 MHz,20.0 dBm,100.0 ms,0.0 dB,0.0Hz
235,254.66 MHz,20.0 dBm,100.0 ms,0.0 dB,0.0Hz
231,254.58 MHz,20.0 dBm,100.0 ms,0.0 dB,0.0Hz
295,255.86 MHz,20.0 dBm,100.0 ms,0.0 dB,0.0Hz
879,267.54 MHz,20.0 dBm,100.0 ms,0.0 dB,0.0Hz
477,259.5 MHz,20.0 dBm,100.0 ms,0.0 dB,0.0Hz
278,255.52 MHz,20.0 dBm,100.0 ms,0.0 dB,0.0Hz
644,262.84 MHz,20.0 dBm,100.0 ms,0.0 dB,0.0Hz
795,265.86 MHz,20.0 dBm,100.0 ms,0.0 dB,0.0Hz
1002,270.0 MHz,20.0 dBm,100.0 ms,0.0 dB,0.0Hz
531,260.58 MHz,20.0 dBm,100.0 ms,0.0 dB,0.0Hz
830,266.56 MHz,20.0 dBm,100.0 ms,0.0 dB,0.0Hz
356,257.08 MHz,20.0 dBm,100.0 ms,0.0 dB,0.0Hz
484,259.64 MHz,20.0 dBm,100.0 ms,0.0 dB,0.0Hz
248,254.92 MHz,20.0 dBm,100.0 ms,0.0 dB,0.0Hz
308,256.12 MHz,20.0 dBm,100.0 ms,0.0 dB,0.0Hz
534,260.64 MHz,20.0 dBm,100.0 ms,0.0 dB,0.0Hz
481,259.58 MHz,20.0 dBm,100.0 ms,0.0 dB,0.0Hz
427,258.5 MHz,20.0 dBm,100.0 ms,0.0 dB,0.0Hz
989,269.74 MHz,20.0 dBm,100.0 ms,0.0 dB,0.0Hz
675,263.46 MHz,20.0 dBm,100.0 ms,0.0 dB,0.0Hz
261,255.18 MHz,20.0 dBm,100.0 ms,0.0 dB,0.0Hz
500,259.96 MHz,20.0 dBm,100.0 ms,0.0 dB,0.0Hz
359,257.14 MHz,20.0 dBm,100.0 ms,0.0 dB,0.0Hz
956,269.08 MHz,20.0 dBm,100.0 ms,0.0 dB,0.0Hz
574,261.44 MHz,20.0 dBm,100.0 ms,0.0 dB,0.0Hz
139,252.74 MHz,20.0 dBm,100.0 ms,0.0 dB,0.0Hz
539,260.74 MHz,20.0 dBm,100.0 ms,0.0 dB,0.0Hz
792,265.8 MHz,20.0 dBm,100.0 ms,0.0 dB,0.0Hz
515,260.26 MHz,20.0 dBm,100.0 ms,0.0 dB,0.0Hz
733,264.62 MHz,20.0 dBm,100.0 ms,0.0 dB,0.0Hz
340,256.76 MHz,20.0 dBm,100.0 ms,0.0 dB,0.0Hz
212,254.2 MHz,20.0 dBm,100.0 ms,0.0 dB,0.0Hz
623,262.42 MHz,20.0 dBm,100.0 ms,0.0 dB,0.0Hz
104,252.04 MHz,20.0 dBm,100.0 ms,0.0 dB,0.0Hz
783,265.62 MHz,20.0 dBm,100.0 ms,0.0 dB,0.0Hz
714,264.24 MHz,20.0 dBm,100.0 ms,0.0 dB,0.0Hz
596,261.88 MHz,20.0 dBm,100.0 ms,0.0 dB,0.0Hz
797,265.9 MHz,20.0 dBm,100.0 ms,0.0 dB,0.0Hz
378,257.52 MHz,20.0 dBm,100.0 ms,0.0 dB,0.0Hz
386,257.68 MHz,20.0 dBm,100.0 ms,0.0 dB,0.0Hz
184,253.64 MHz,20.0 dBm,100.0 ms,0.0 dB,0.0Hz
163,253.22 MHz,20.0 dBm,100.0 ms,0.0 dB,0.0Hz
807,266.1 MHz,20.0 dBm,100.0 ms,0.0 dB,0.0Hz
411,258.18 MHz,20.0 dBm,100.0 ms,0.0 dB,0.0Hz
566,261.28 MHz,20.0 dBm,100.0 ms,0.0 dB,0.0Hz
135,252.66 MHz,20.0 dBm,100.0 ms,0.0 dB,0.0Hz
697,263.9 MHz,20.0 dBm,100.0 ms,0.0 dB,0.0Hz
397,257.9 MHz,20.0 dBm,100.0 ms,0.0 dB,0.0Hz
994,269.84 MHz,20.0 dBm,100.0 ms,0.0 dB,0.0Hz
206,254.08 MHz,20.0 dBm,100.0 ms,0.0 dB,0.0Hz
487,259.7 MHz,20.0 dBm,100.0 ms,0.0 dB,0.0Hz
715,264.26 MHz,20.0 dBm,100.0 ms,0.0 dB,0.0Hz
110,252.16 MHz,20.0 dBm,100.0 ms,0.0 dB,0.0Hz
48,250.92 MHz,20.0 dBm,100.0 ms,0.0 dB,0.0Hz
965,269.26 MHz,20.0 dBm,100.0 ms,0.0 dB,0.0Hz
446,258.88 MHz,20.0 dBm,100.0 ms,0.0 dB,0.0Hz
862,267.2 MHz,20.0 dBm,100.0 ms,0.0 dB,0.0Hz
914,268.24 MHz,20.0 dBm,100.0 ms,0.0 dB,0.0Hz
731,264.58 MHz,20.0 dBm,100.0 ms,0.0 dB,0.0Hz
759,265.14 MHz,20.0 dBm,100.0 ms,0.0 dB,0.0Hz
32,250.6 MHz,20.0 dBm,100.0 ms,0.0 dB,0.0Hz
656,263.08 MHz,20.0 dBm,100.0 ms,0.0 dB,0.0Hz
266,255.28 MHz,20.0 dBm,100.0 ms,0.0 dB,0.0Hz
550,260.96 MHz,20.0 dBm,100.0 ms,0.0 dB,0.0Hz
988,269.72 MHz,20.0 dBm,100.0 ms,0.0 dB,0.0Hz
8,250.12 MHz,20.0 dBm,100.0 ms,0.0 dB,0.0Hz
366,257.28 MHz,20.0 dBm,100.0 ms,0.0 dB,0.0Hz
140,252.76 MHz,20.0 dBm,100.0 ms,0.0 dB,0.0Hz
176,253.48 MHz,20.0 dBm,100.0 ms,0.0 dB,0.0Hz
264,255.24 MHz,20.0 dBm,100.0 ms,0.0 dB,0.0Hz
434,258.64 MHz,20.0 dBm,100.0 ms,0.0 dB,0.0Hz
381,257.58 MHz,20.0 dBm,100.0 ms,0.0 dB,0.0Hz
214,254.24 MHz,20.0 dBm,100.0 ms,0.0 dB,0.0Hz
585,261.66 MHz,20.0 dBm,100.0 ms,0.0 dB,0.0Hz
576,261.48 MHz,20.0 dBm,100.0 ms,0.0 dB,0.0Hz
613,262.22 MHz,20.0 dBm,100.0 ms,0.0 dB,0.0Hz
310,256.16 MHz,20.0 dBm,100.0 ms,0.0 dB,0.0Hz
152,253.0 MHz,20.0 dBm,100.0 ms,0.0 dB,0.0Hz
981,269.58 MHz,20.0 dBm,100.0 ms,0.0 dB,0.0Hz
739,264.74 MHz,20.0 dBm,100.0 ms,0.0 dB,0.0Hz
158,253.12 MHz,20.0 dBm,100.0 ms,0.0 dB,0.0Hz
990,269.76 MHz,20.0 dBm,100.0 ms,0.0 dB,0.0Hz
584,261.64 MHz,20.0 dBm,100.0 ms,0.0 dB,0.0Hz
394,257.84 MHz,20.0 dBm,100.0 ms,0.0 dB,0.0Hz
732,264.6 MHz,20.0 dBm,100.0 ms,0.0 dB,0.0Hz
431,258.58 MHz,20.0 dBm,100.0 ms,0.0 dB,0.0Hz
556,261.08 MHz,20.0 dBm,100.0 ms,0.0 dB,0.0Hz
605,262.06 MHz,20.0 dBm,100.0 ms,0.0 dB,0.0Hz
866,267.28 MHz,20.0 dBm,100.0 ms,0.0 dB,0.0Hz
851,266.98 MHz,20.0 dBm,100.0 ms,0.0 dB,0.0Hz
349,256.94 MHz,20.0 dBm,100.0 ms,0.0 dB,0.0Hz
949,268.94 MHz,20.0 dBm,100.0 ms,0.0 dB,0.0Hz
29,250.54 MHz,20.0 dBm,100.0 ms,0.0 dB,0.0Hz
360,257.16 MHz,20.0 dBm,100.0 ms,0.0 dB,0.0Hz
778,265.52 MHz,20.0 dBm,100.0 ms,0.0 dB,0.0Hz
122,252.4 MHz,20.0 dBm,100.0 ms,0.0 dB,0.0Hz
68,251.32 MHz,20.0 dBm,100.0 ms,0.0 dB,0.0Hz
633,262.62 MHz,20.0 dBm,100.0 ms,0.0 dB,0.0Hz
812,266.2 MHz,20.0 dBm,100.0 ms,0.0 dB,0.0Hz
63,251.22 MHz,20.0 dBm,100.0 ms,0.0 dB,0.0Hz
71,251.38 MHz,20.0 dBm,100.0 ms,0.0 dB,0.0Hz
910,268.16 MHz,20.0 dBm,100.0 ms,0.0 dB,0.0Hz
442,258.8 MHz,20.0 dBm,100.0 ms,0.0 dB,0.0Hz
569,261.34 MHz,20.0 dBm,100.0 ms,0.0 dB,0.0Hz
483,259.62 MHz,20.0 dBm,100.0 ms,0.0 dB,0.0Hz
643,262.82 MHz,20.0 dBm,100.0 ms,0.0 dB,0.0Hz
827,266.5 MHz,20.0 dBm,100.0 ms,0.0 dB,0.0Hz
45,250.86 MHz,20.0 dBm,100.0 ms,0.0 dB,0.0Hz
164,253.24 MHz,20.0 dBm,100.0 ms,0.0 dB,0.0Hz
516,260.28 MHz,20.0 dBm,100.0 ms,0.0 dB,0.0Hz
390,257.76 MHz,20.0 dBm,100.0 ms,0.0 dB,0.0Hz
254,255.04 MHz,20.0 dBm,100.0 ms,0.0 dB,0.0Hz
61,251.18 MHz,20.0 dBm,100.0 ms,0.0 dB,0.0Hz
662,263.2 MHz,20.0 dBm,100.0 ms,0.0 dB,0.0Hz
748,264.92 MHz,20.0 dBm,100.0 ms,0.0 dB,0.0Hz
101,251.98 MHz,20.0 dBm,100.0 ms,0.0 dB,0.0Hz
523,260.42 MHz,20.0 dBm,100.0 ms,0.0 dB,0.0Hz
634,262.64 MHz,20.0 dBm,100.0 ms,0.0 dB,0.0Hz
654,263.04 MHz,20.0 dBm,100.0 ms,0.0 dB,0.0Hz
620,262.36 MHz,20.0 dBm,100.0 ms,0.0 dB,0.0Hz
547,260.9 MHz,20.0 dBm,100.0 ms,0.0 dB,0.0Hz
173,253.42 MHz,20.0 dBm,100.0 ms,0.0 dB,0.0Hz
808,266.12 MHz,20.0 dBm,100.0 ms,0.0 dB,0.0Hz
524,260.44 MHz,20.0 dBm,100.0 ms,0.0 dB,0.0Hz
690,263.76 MHz,20.0 dBm,100.0 ms,0.0 dB,0.0Hz
20,250.36 MHz,20.0 dBm,100.0 ms,0.0 dB,0.0Hz
522,260.4 MHz,20.0 dBm,100.0 ms,0.0 dB,0.0Hz
571,261.38 MHz,20.0 dBm,100.0 ms,0.0 dB,0.0Hz
870,267.36 MHz,20.0 dBm,100.0 ms,0.0 dB,0.0Hz
573,261.42 MHz,20.0 dBm,100.0 ms,0.0 dB,0.0Hz
429,258.54 MHz,20.0 dBm,100.0 ms,0.0 dB,0.0Hz
91,251.78 MHz,20.0 dBm,100.0 ms,0.0 dB,0.0Hz
757,265.1 MHz,20.0 dBm,100.0 ms,0.0 dB,0.0Hz
453,259.02 MHz,20.0 dBm,100.0 ms,0.0 dB,0.0Hz
818,266.32 MHz,20.0 dBm,100.0 ms,0.0 dB,0.0Hz
943,268.82 MHz,20.0 dBm,100.0 ms,0.0 dB,0.0Hz
170,253.36 MHz,20.0 dBm,100.0 ms,0.0 dB,0.0Hz
842,266.8 MHz,20.0 dBm,100.0 ms,0.0 dB,0.0Hz
636,262.68 MHz,20.0 dBm,100.0 ms,0.0 dB,0.0Hz
154,253.04 MHz,20.0 dBm,100.0 ms,0.0 dB,0.0Hz
11,250.18 MHz,20.0 dBm,100.0 ms,0.0 dB,0.0Hz
699,263.94 MHz,20.0 dBm,100.0 ms,0.0 dB,0.0Hz
425,258.46 MHz,20.0 dBm,100.0 ms,0.0 dB,0.0Hz
850,266.96 MHz,20.0 dBm,100.0 ms,0.0 dB,0.0Hz
993,269.82 MHz,20.0 dBm,100.0 ms,0.0 dB,0.0Hz
406,258.08 MHz,20.0 dBm,100.0 ms,0.0 dB,0.0Hz
707,264.1 MHz,20.0 dBm,100.0 ms,0.0 dB,0.0Hz
408,258.12 MHz,20.0 dBm,100.0 ms,0.0 dB,0.0Hz
502,260.0 MHz,20.0 dBm,100.0 ms,0.0 dB,0.0Hz
26,250.48 MHz,20.0 dBm,100.0 ms,0.0 dB,0.0Hz
352,257.0 MHz,20.0 dBm,100.0 ms,0.0 dB,0.0Hz
533,260.62 MHz,20.0 dBm,100.0 ms,0.0 dB,0.0Hz
236,254.68 MHz,20.0 dBm,100.0 ms,0.0 dB,0.0Hz
437,258.7 MHz,20.0 dBm,100.0 ms,0.0 dB,0.0Hz
283,255.62 MHz,20.0 dBm,100.0 ms,0.0 dB,0.0Hz
59,251.14 MHz,20.0 dBm,100.0 ms,0.0 dB,0.0Hz
72,251.4 MHz,20.0 dBm,100.0 ms,0.0 dB,0.0Hz
665,263.26 MHz,20.0 dBm,100.0 ms,0.0 dB,0.0Hz
667,263.3 MHz,20.0 dBm,100.0 ms,0.0 dB,0.0Hz
23,250.42 MHz,20.0 dBm,100.0 ms,0.0 dB,0.0Hz
37,250.7 MHz,20.0 dBm,100.0 ms,0.0 dB,0.0Hz
455,259.06 MHz,20.0 dBm,100.0 ms,0.0 dB,0.0Hz
102,252.0 MHz,20.0 dBm,100.0 ms,0.0 dB,0.0Hz
161,253.18 MHz,20.0 dBm,100.0 ms,0.0 dB,0.0Hz
923,268.42 MHz,20.0 dBm,100.0 ms,0.0 dB,0.0Hz
137,252.7 MHz,20.0 dBm,100.0 ms,0.0 dB,0.0Hz
147,252.9 MHz,20.0 dBm,100.0 ms,0.0 dB,0.0Hz
630,262.56 MHz,20.0 dBm,100.0 ms,0.0 dB,0.0Hz
763,265.22 MHz,20.0 dBm,100.0 ms,0.0 dB,0.0Hz
416,258.28 MHz,20.0 dBm,100.0 ms,0.0 dB,0.0Hz
631,262.58 MHz,20.0 dBm,100.0 ms,0.0 dB,0.0Hz
668,263.32 MHz,20.0 dBm,100.0 ms,0.0 dB,0.0Hz
353,257.02 MHz,20.0 dBm,100.0 ms,0.0 dB,0.0Hz
753,265.02 MHz,20.0 dBm,100.0 ms,0.0 dB,0.0Hz
312,256.2 MHz,20.0 dBm,100.0 ms,0.0 dB,0.0Hz
646,262.88 MHz,20.0 dBm,100.0 ms,0.0 dB,0.0Hz
475,259.46 MHz,20.0 dBm,100.0 ms,0.0 dB,0.0Hz
191,253.78 MHz,20.0 dBm,100.0 ms,0.0 dB,0.0Hz
716,264.28 MHz,20.0 dBm,100.0 ms,0.0 dB,0.0Hz
172,253.4 MHz,20.0 dBm,100.0 ms,0.0 dB,0.0Hz
92,251.8 MHz,20.0 dBm,100.0 ms,0.0 dB,0.0Hz
166,253.28 MHz,20.0 dBm,100.0 ms,0.0 dB,0.0Hz
486,259.68 MHz,20.0 dBm,100.0 ms,0.0 dB,0.0Hz
721,264.38 MHz,20.0 dBm,100.0 ms,0.0 dB,0.0Hz
433,258.62 MHz,20.0 dBm,100.0 ms,0.0 dB,0.0Hz
499,259.94 MHz,20.0 dBm,100.0 ms,0.0 dB,0.0Hz
333,256.62 MHz,20.0 dBm,100.0 ms,0.0 dB,0.0Hz
811,266.18 MHz,20.0 dBm,100.0 ms,0.0 dB,0.0Hz
928,268.52 MHz,20.0 dBm,100.0 ms,0.0 dB,0.0Hz
635,262.66 MHz,20.0 dBm,100.0 ms,0.0 dB,0.0Hz
13,250.22 MHz,20.0 dBm,100.0 ms,0.0 dB,0.0Hz
840,266.76 MHz,20.0 dBm,100.0 ms,0.0 dB,0.0Hz
776,265.48 MHz,20.0 dBm,100.0 ms,0.0 dB,0.0Hz
810,266.16 MHz,20.0 dBm,100.0 ms,0.0 dB,0.0Hz
338,256.72 MHz,20.0 dBm,100.0 ms,0.0 dB,0.0Hz
926,268.48 MHz,20.0 dBm,100.0 ms,0.0 dB,0.0Hz
734,264.64 MHz,20.0 dBm,100.0 ms,0.0 dB,0.0Hz
6,250.08 MHz,20.0 dBm,100.0 ms,0.0 dB,0.0Hz
621,262.38 MHz,20.0 dBm,100.0 ms,0.0 dB,0.0Hz
756,265.08 MHz,20.0 dBm,100.0 ms,0.0 dB,0.0Hz
65,251.26 MHz,20.0 dBm,100.0 ms,0.0 dB,0.0Hz
898,267.92 MHz,20.0 dBm,100.0 ms,0.0 dB,0.0Hz
899,267.94 MHz,20.0 dBm,100.0 ms,0.0 dB,0.0Hz
831,266.58 MHz,20.0 dBm,100.0 ms,0.0 dB,0.0Hz
520,260.36 MHz,20.0 dBm,100.0 ms,0.0 dB,0.0Hz
911,268.18 MHz,20.0 dBm,100.0 ms,0.0 dB,0.0Hz
330,256.56 MHz,20.0 dBm,100.0 ms,0.0 dB,0.0Hz
888,267.72 MHz,20.0 dBm,100.0 ms,0.0 dB,0.0Hz
405,258.06 MHz,20.0 dBm,100.0 ms,0.0 dB,0.0Hz
30,250.56 MHz,20.0 dBm,100.0 ms,0.0 dB,0.0Hz
182,253.6 MHz,20.0 dBm,100.0 ms,0.0 dB,0.0Hz
678,263.52 MHz,20.0 dBm,100.0 ms,0.0 dB,0.0Hz
253,255.02 MHz,20.0 dBm,100.0 ms,0.0 dB,0.0Hz
150,252.96 MHz,20.0 dBm,100.0 ms,0.0 dB,0.0Hz
785,265.66 MHz,20.0 dBm,100.0 ms,0.0 dB,0.0Hz
781,265.58 MHz,20.0 dBm,100.0 ms,0.0 dB,0.0Hz
120,252.36 MHz,20.0 dBm,100.0 ms,0.0 dB,0.0Hz
488,259.72 MHz,20.0 dBm,100.0 ms,0.0 dB,0.0Hz
192,253.8 MHz,20.0 dBm,100.0 ms,0.0 dB,0.0Hz
325,256.46 MHz,20.0 dBm,100.0 ms,0.0 dB,0.0Hz
479,259.54 MHz,20.0 dBm,100.0 ms,0.0 dB,0.0Hz
215,254.26 MHz,20.0 dBm,100.0 ms,0.0 dB,0.0Hz
156,253.08 MHz,20.0 dBm,100.0 ms,0.0 dB,0.0Hz
482,259.6 MHz,20.0 dBm,100.0 ms,0.0 dB,0.0Hz
723,264.42 MHz,20.0 dBm,100.0 ms,0.0 dB,0.0Hz
726,264.48 MHz,20.0 dBm,100.0 ms,0.0 dB,0.0Hz
772,265.4 MHz,20.0 dBm,100.0 ms,0.0 dB,0.0Hz
506,260.08 MHz,20.0 dBm,100.0 ms,0.0 dB,0.0Hz
680,263.56 MHz,20.0 dBm,100.0 ms,0.0 dB,0.0Hz
146,252.88 MHz,20.0 dBm,100.0 ms,0.0 dB,0.0Hz
365,257.26 MHz,20.0 dBm,100.0 ms,0.0 dB,0.0Hz
813,266.22 MHz,20.0 dBm,100.0 ms,0.0 dB,0.0Hz
246,254.88 MHz,20.0 dBm,100.0 ms,0.0 dB,0.0Hz
463,259.22 MHz,20.0 dBm,100.0 ms,0.0 dB,0.0Hz
706,264.08 MHz,20.0 dBm,100.0 ms,0.0 dB,0.0Hz
398,257.92 MHz,20.0 dBm,100.0 ms,0.0 dB,0.0Hz
912,268.2 MHz,20.0 dBm,100.0 ms,0.0 dB,0.0Hz
958,269.12 MHz,20.0 dBm,100.0 ms,0.0 dB,0.0Hz
864,267.24 MHz,20.0 dBm,100.0 ms,0.0 dB,0.0Hz
780,265.56 MHz,20.0 dBm,100.0 ms,0.0 dB,0.0Hz
664,263.24 MHz,20.0 dBm,100.0 ms,0.0 dB,0.0Hz
474,259.44 MHz,20.0 dBm,100.0 ms,0.0 dB,0.0Hz
535,260.66 MHz,20.0 dBm,100.0 ms,0.0 dB,0.0Hz
916,268.28 MHz,20.0 dBm,100.0 ms,0.0 dB,0.0Hz
459,259.14 MHz,20.0 dBm,100.0 ms,0.0 dB,0.0Hz
7,250.1 MHz,20.0 dBm,100.0 ms,0.0 dB,0.0Hz
582,261.6 MHz,20.0 dBm,100.0 ms,0.0 dB,0.0Hz
765,265.26 MHz,20.0 dBm,100.0 ms,0.0 dB,0.0Hz
51,250.98 MHz,20.0 dBm,100.0 ms,0.0 dB,0.0Hz
417,258.3 MHz,20.0 dBm,100.0 ms,0.0 dB,0.0Hz
336,256.68 MHz,20.0 dBm,100.0 ms,0.0 dB,0.0Hz
602,262.0 MHz,20.0 dBm,100.0 ms,0.0 dB,0.0Hz
70,251.36 MHz,20.0 dBm,100.0 ms,0.0 dB,0.0Hz
775,265.46 MHz,20.0 dBm,100.0 ms,0.0 dB,0.0Hz
189,253.74 MHz,20.0 dBm,100.0 ms,0.0 dB,0.0Hz
237,254.7 MHz,20.0 dBm,100.0 ms,0.0 dB,0.0Hz
570,261.36 MHz,20.0 dBm,100.0 ms,0.0 dB,0.0Hz
736,264.68 MHz,20.0 dBm,100.0 ms,0.0 dB,0.0Hz
179,253.54 MHz,20.0 dBm,100.0 ms,0.0 dB,0.0Hz
609,262.14 MHz,20.0 dBm,100.0 ms,0.0 dB,0.0Hz
554,261.04 MHz,20.0 dBm,100.0 ms,0.0 dB,0.0Hz
371,257.38 MHz,20.0 dBm,100.0 ms,0.0 dB,0.0Hz
252,255.0 MHz,20.0 dBm,100.0 ms,0.0 dB,0.0Hz
293,255.82 MHz,20.0 dBm,100.0 ms,0.0 dB,0.0Hz
201,253.98 MHz,20.0 dBm,100.0 ms,0.0 dB,0.0Hz
159,253.14 MHz,20.0 dBm,100.0 ms,0.0 dB,0.0Hz
872,267.4 MHz,20.0 dBm,100.0 ms,0.0 dB,0.0Hz
747,264.9 MHz,20.0 dBm,100.0 ms,0.0 dB,0.0Hz
614,262.24 MHz,20.0 dBm,100.0 ms,0.0 dB,0.0Hz
768,265.32 MHz,20.0 dBm,100.0 ms,0.0 dB,0.0Hz
404,258.04 MHz,20.0 dBm,100.0 ms,0.0 dB,0.0Hz
211,254.18 MHz,20.0 dBm,100.0 ms,0.0 dB,0.0Hz
190,253.76 MHz,20.0 dBm,100.0 ms,0.0 dB,0.0Hz
305,256.06 MHz,20.0 dBm,100.0 ms,0.0 dB,0.0Hz
907,268.1 MHz,20.0 dBm,100.0 ms,0.0 dB,0.0Hz
343,256.82 MHz,20.0 dBm,100.0 ms,0.0 dB,0.0Hz
915,268.26 MHz,20.0 dBm,100.0 ms,0.0 dB,0.0Hz
880,267.56 MHz,20.0 dBm,100.0 ms,0.0 dB,0.0Hz
691,263.78 MHz,20.0 dBm,100.0 ms,0.0 dB,0.0Hz
128,252.52 MHz,20.0 dBm,100.0 ms,0.0 dB,0.0Hz
717,264.3 MHz,20.0 dBm,100.0 ms,0.0 dB,0.0Hz
280,255.56 MHz,20.0 dBm,100.0 ms,0.0 dB,0.0Hz
567,261.3 MHz,20.0 dBm,100.0 ms,0.0 dB,0.0Hz
661,263.18 MHz,20.0 dBm,100.0 ms,0.0 dB,0.0Hz
903,268.02 MHz,20.0 dBm,100.0 ms,0.0 dB,0.0Hz
126,252.48 MHz,20.0 dBm,100.0 ms,0.0 dB,0.0Hz
737,264.7 MHz,20.0 dBm,100.0 ms,0.0 dB,0.0Hz
136,252.68 MHz,20.0 dBm,100.0 ms,0.0 dB,0.0Hz
495,259.86 MHz,20.0 dBm,100.0 ms,0.0 dB,0.0Hz
315,256.26 MHz,20.0 dBm,100.0 ms,0.0 dB,0.0Hz
31,250.58 MHz,20.0 dBm,100.0 ms,0.0 dB,0.0Hz
50,250.96 MHz,20.0 dBm,100.0 ms,0.0 dB,0.0Hz
368,257.32 MHz,20.0 dBm,100.0 ms,0.0 dB,0.0Hz
471,259.38 MHz,20.0 dBm,100.0 ms,0.0 dB,0.0Hz
465,259.26 MHz,20.0 dBm,100.0 ms,0.0 dB,0.0Hz
288,255.72 MHz,20.0 dBm,100.0 ms,0.0 dB,0.0Hz
774,265.44 MHz,20.0 dBm,100.0 ms,0.0 dB,0.0Hz
395,257.86 MHz,20.0 dBm,100.0 ms,0.0 dB,0.0Hz
536,260.68 MHz,20.0 dBm,100.0 ms,0.0 dB,0.0Hz
39,250.74 MHz,20.0 dBm,100.0 ms,0.0 dB,0.0Hz
225,254.46 MHz,20.0 dBm,100.0 ms,0.0 dB,0.0Hz
927,268.5 MHz,20.0 dBm,100.0 ms,0.0 dB,0.0Hz
642,262.8 MHz,20.0 dBm,100.0 ms,0.0 dB,0.0Hz
900,267.96 MHz,20.0 dBm,100.0 ms,0.0 dB,0.0Hz
223,254.42 MHz,20.0 dBm,100.0 ms,0.0 dB,0.0Hz
44,250.84 MHz,20.0 dBm,100.0 ms,0.0 dB,0.0Hz
847,266.9 MHz,20.0 dBm,100.0 ms,0.0 dB,0.0Hz
10,250.16 MHz,20.0 dBm,100.0 ms,0.0 dB,0.0Hz
124,252.44 MHz,20.0 dBm,100.0 ms,0.0 dB,0.0Hz
400,257.96 MHz,20.0 dBm,100.0 ms,0.0 dB,0.0Hz
846,266.88 MHz,20.0 dBm,100.0 ms,0.0 dB,0.0Hz
891,267.78 MHz,20.0 dBm,100.0 ms,0.0 dB,0.0Hz
177,253.5 MHz,20.0 dBm,100.0 ms,0.0 dB,0.0Hz
232,254.6 MHz,20.0 dBm,100.0 ms,0.0 dB,0.0Hz
357,257.1 MHz,20.0 dBm,100.0 ms,0.0 dB,0.0Hz
521,260.38 MHz,20.0 dBm,100.0 ms,0.0 dB,0.0Hz
134,252.64 MHz,20.0 dBm,100.0 ms,0.0 dB,0.0Hz
497,259.9 MHz,20.0 dBm,100.0 ms,0.0 dB,0.0Hz
815,266.26 MHz,20.0 dBm,100.0 ms,0.0 dB,0.0Hz
909,268.14 MHz,20.0 dBm,100.0 ms,0.0 dB,0.0Hz
627,262.5 MHz,20.0 dBm,100.0 ms,0.0 dB,0.0Hz
611,262.18 MHz,20.0 dBm,100.0 ms,0.0 dB,0.0Hz
451,258.98 MHz,20.0 dBm,100.0 ms,0.0 dB,0.0Hz
88,251.72 MHz,20.0 dBm,100.0 ms,0.0 dB,0.0Hz
230,254.56 MHz,20.0 dBm,100.0 ms,0.0 dB,0.0Hz
328,256.52 MHz,20.0 dBm,100.0 ms,0.0 dB,0.0Hz
143,252.82 MHz,20.0 dBm,100.0 ms,0.0 dB,0.0Hz
347,256.9 MHz,20.0 dBm,100.0 ms,0.0 dB,0.0Hz
640,262.76 MHz,20.0 dBm,100.0 ms,0.0 dB,0.0Hz
964,269.24 MHz,20.0 dBm,100.0 ms,0.0 dB,0.0Hz
804,266.04 MHz,20.0 dBm,100.0 ms,0.0 dB,0.0Hz
358,257.12 MHz,20.0 dBm,100.0 ms,0.0 dB,0.0Hz
683,263.62 MHz,20.0 dBm,100.0 ms,0.0 dB,0.0Hz
57,251.1 MHz,20.0 dBm,100.0 ms,0.0 dB,0.0Hz
735,264.66 MHz,20.0 dBm,100.0 ms,0.0 dB,0.0Hz
511,260.18 MHz,20.0 dBm,100.0 ms,0.0 dB,0.0Hz
54,251.04 MHz,20.0 dBm,100.0 ms,0.0 dB,0.0Hz
323,256.42 MHz,20.0 dBm,100.0 ms,0.0 dB,0.0Hz
645,262.86 MHz,20.0 dBm,100.0 ms,0.0 dB,0.0Hz
848,266.92 MHz,20.0 dBm,100.0 ms,0.0 dB,0.0Hz
1001,269.98 MHz,20.0 dBm,100.0 ms,0.0 dB,0.0Hz
754,265.04 MHz,20.0 dBm,100.0 ms,0.0 dB,0.0Hz
56,251.08 MHz,20.0 dBm,100.0 ms,0.0 dB,0.0Hz
957,269.1 MHz,20.0 dBm,100.0 ms,0.0 dB,0.0Hz
195,253.86 MHz,20.0 dBm,100.0 ms,0.0 dB,0.0Hz
512,260.2 MHz,20.0 dBm,100.0 ms,0.0 dB,0.0Hz
960,269.16 MHz,20.0 dBm,100.0 ms,0.0 dB,0.0Hz
489,259.74 MHz,20.0 dBm,100.0 ms,0.0 dB,0.0Hz
913,268.22 MHz,20.0 dBm,100.0 ms,0.0 dB,0.0Hz
968,269.32 MHz,20.0 dBm,100.0 ms,0.0 dB,0.0Hz
480,259.56 MHz,20.0 dBm,100.0 ms,0.0 dB,0.0Hz
24,250.44 MHz,20.0 dBm,100.0 ms,0.0 dB,0.0Hz
849,266.94 MHz,20.0 dBm,100.0 ms,0.0 dB,0.0Hz
873,267.42 MHz,20.0 dBm,100.0 ms,0.0 dB,0.0Hz
362,257.2 MHz,20.0 dBm,100.0 ms,0.0 dB,0.0Hz
396,257.88 MHz,20.0 dBm,100.0 ms,0.0 dB,0.0Hz
367,257.3 MHz,20.0 dBm,100.0 ms,0.0 dB,0.0Hz
306,256.08 MHz,20.0 dBm,100.0 ms,0.0 dB,0.0Hz
187,253.7 MHz,20.0 dBm,100.0 ms,0.0 dB,0.0Hz
773,265.42 MHz,20.0 dBm,100.0 ms,0.0 dB,0.0Hz
979,269.54 MHz,20.0 dBm,100.0 ms,0.0 dB,0.0Hz
728,264.52 MHz,20.0 dBm,100.0 ms,0.0 dB,0.0Hz
103,252.02 MHz,20.0 dBm,100.0 ms,0.0 dB,0.0Hz
75,251.46 MHz,20.0 dBm,100.0 ms,0.0 dB,0.0Hz
53,251.02 MHz,20.0 dBm,100.0 ms,0.0 dB,0.0Hz
327,256.5 MHz,20.0 dBm,100.0 ms,0.0 dB,0.0Hz
513,260.22 MHz,20.0 dBm,100.0 ms,0.0 dB,0.0Hz
412,258.2 MHz,20.0 dBm,100.0 ms,0.0 dB,0.0Hz
376,257.48 MHz,20.0 dBm,100.0 ms,0.0 dB,0.0Hz
409,258.14 MHz,20.0 dBm,100.0 ms,0.0 dB,0.0Hz
865,267.26 MHz,20.0 dBm,100.0 ms,0.0 dB,0.0Hz
401,257.98 MHz,20.0 dBm,100.0 ms,0.0 dB,0.0Hz
377,257.5 MHz,20.0 dBm,100.0 ms,0.0 dB,0.0Hz
992,269.8 MHz,20.0 dBm,100.0 ms,0.0 dB,0.0Hz
205,254.06 MHz,20.0 dBm,100.0 ms,0.0 dB,0.0Hz
213,254.22 MHz,20.0 dBm,100.0 ms,0.0 dB,0.0Hz
450,258.96 MHz,20.0 dBm,100.0 ms,0.0 dB,0.0Hz
653,263.02 MHz,20.0 dBm,100.0 ms,0.0 dB,0.0Hz
755,265.06 MHz,20.0 dBm,100.0 ms,0.0 dB,0.0Hz
300,255.96 MHz,20.0 dBm,100.0 ms,0.0 dB,0.0Hz
64,251.24 MHz,20.0 dBm,100.0 ms,0.0 dB,0.0Hz
178,253.52 MHz,20.0 dBm,100.0 ms,0.0 dB,0.0Hz
149,252.94 MHz,20.0 dBm,100.0 ms,0.0 dB,0.0Hz
244,254.84 MHz,20.0 dBm,100.0 ms,0.0 dB,0.0Hz
651,262.98 MHz,20.0 dBm,100.0 ms,0.0 dB,0.0Hz
761,265.18 MHz,20.0 dBm,100.0 ms,0.0 dB,0.0Hz
738,264.72 MHz,20.0 dBm,100.0 ms,0.0 dB,0.0Hz
251,254.98 MHz,20.0 dBm,100.0 ms,0.0 dB,0.0Hz
418,258.32 MHz,20.0 dBm,100.0 ms,0.0 dB,0.0Hz
123,252.42 MHz,20.0 dBm,100.0 ms,0.0 dB,0.0Hz
77,251.5 MHz,20.0 dBm,100.0 ms,0.0 dB,0.0Hz
174,253.44 MHz,20.0 dBm,100.0 ms,0.0 dB,0.0Hz
219,254.34 MHz,20.0 dBm,100.0 ms,0.0 dB,0.0Hz
895,267.86 MHz,20.0 dBm,100.0 ms,0.0 dB,0.0Hz
936,268.68 MHz,20.0 dBm,100.0 ms,0.0 dB,0.0Hz
593,261.82 MHz,20.0 dBm,100.0 ms,0.0 dB,0.0Hz
276,255.48 MHz,20.0 dBm,100.0 ms,0.0 dB,0.0Hz
388,257.72 MHz,20.0 dBm,100.0 ms,0.0 dB,0.0Hz
598,261.92 MHz,20.0 dBm,100.0 ms,0.0 dB,0.0Hz
595,261.86 MHz,20.0 dBm,100.0 ms,0.0 dB,0.0Hz
316,256.28 MHz,20.0 dBm,100.0 ms,0.0 dB,0.0Hz
628,262.52 MHz,20.0 dBm,100.0 ms,0.0 dB,0.0Hz
165,253.26 MHz,20.0 dBm,100.0 ms,0.0 dB,0.0Hz
886,267.68 MHz,20.0 dBm,100.0 ms,0.0 dB,0.0Hz
233,254.62 MHz,20.0 dBm,100.0 ms,0.0 dB,0.0Hz
504,260.04 MHz,20.0 dBm,100.0 ms,0.0 dB,0.0Hz
802,266.0 MHz,20.0 dBm,100.0 ms,0.0 dB,0.0Hz
641,262.78 MHz,20.0 dBm,100.0 ms,0.0 dB,0.0Hz
491,259.78 MHz,20.0 dBm,100.0 ms,0.0 dB,0.0Hz
769,265.34 MHz,20.0 dBm,100.0 ms,0.0 dB,0.0Hz
322,256.4 MHz,20.0 dBm,100.0 ms,0.0 dB,0.0Hz
222,254.4 MHz,20.0 dBm,100.0 ms,0.0 dB,0.0Hz
16,250.28 MHz,20.0 dBm,100.0 ms,0.0 dB,0.0Hz
448,258.92 MHz,20.0 dBm,100.0 ms,0.0 dB,0.0Hz
508,260.12 MHz,20.0 dBm,100.0 ms,0.0 dB,0.0Hz
632,262.6 MHz,20.0 dBm,100.0 ms,0.0 dB,0.0Hz
972,269.4 MHz,20.0 dBm,100.0 ms,0.0 dB,0.0Hz
112,252.2 MHz,20.0 dBm,100.0 ms,0.0 dB,0.0Hz
58,251.12 MHz,20.0 dBm,100.0 ms,0.0 dB,0.0Hz
272,255.4 MHz,20.0 dBm,100.0 ms,0.0 dB,0.0Hz
948,268.92 MHz,20.0 dBm,100.0 ms,0.0 dB,0.0Hz
677,263.5 MHz,20.0 dBm,100.0 ms,0.0 dB,0.0Hz
62,251.2 MHz,20.0 dBm,100.0 ms,0.0 dB,0.0Hz
42,250.8 MHz,20.0 dBm,100.0 ms,0.0 dB,0.0Hz
999,269.94 MHz,20.0 dBm,100.0 ms,0.0 dB,0.0Hz
868,267.32 MHz,20.0 dBm,100.0 ms,0.0 dB,0.0Hz
904,268.04 MHz,20.0 dBm,100.0 ms,0.0 dB,0.0Hz
9,250.14 MHz,20.0 dBm,100.0 ms,0.0 dB,0.0Hz
113,252.22 MHz,20.0 dBm,100.0 ms,0.0 dB,0.0Hz
944,268.84 MHz,20.0 dBm,100.0 ms,0.0 dB,0.0Hz
374,257.44 MHz,20.0 dBm,100.0 ms,0.0 dB,0.0Hz
973,269.42 MHz,20.0 dBm,100.0 ms,0.0 dB,0.0Hz
820,266.36 MHz,20.0 dBm,100.0 ms,0.0 dB,0.0Hz
542,260.8 MHz,20.0 dBm,100.0 ms,0.0 dB,0.0Hz
729,264.54 MHz,20.0 dBm,100.0 ms,0.0 dB,0.0Hz
962,269.2 MHz,20.0 dBm,100.0 ms,0.0 dB,0.0Hz
730,264.56 MHz,20.0 dBm,100.0 ms,0.0 dB,0.0Hz
145,252.86 MHz,20.0 dBm,100.0 ms,0.0 dB,0.0Hz
919,268.34 MHz,20.0 dBm,100.0 ms,0.0 dB,0.0Hz
263,255.22 MHz,20.0 dBm,100.0 ms,0.0 dB,0.0Hz
369,257.34 MHz,20.0 dBm,100.0 ms,0.0 dB,0.0Hz
298,255.92 MHz,20.0 dBm,100.0 ms,0.0 dB,0.0Hz
624,262.44 MHz,20.0 dBm,100.0 ms,0.0 dB,0.0Hz
440,258.76 MHz,20.0 dBm,100.0 ms,0.0 dB,0.0Hz
291,255.78 MHz,20.0 dBm,100.0 ms,0.0 dB,0.0Hz
819,266.34 MHz,20.0 dBm,100.0 ms,0.0 dB,0.0Hz
41,250.78 MHz,20.0 dBm,100.0 ms,0.0 dB,0.0Hz
758,265.12 MHz,20.0 dBm,100.0 ms,0.0 dB,0.0Hz
375,257.46 MHz,20.0 dBm,100.0 ms,0.0 dB,0.0Hz
750,264.96 MHz,20.0 dBm,100.0 ms,0.0 dB,0.0Hz
607,262.1 MHz,20.0 dBm,100.0 ms,0.0 dB,0.0Hz
854,267.04 MHz,20.0 dBm,100.0 ms,0.0 dB,0.0Hz
557,261.1 MHz,20.0 dBm,100.0 ms,0.0 dB,0.0Hz
468,259.32 MHz,20.0 dBm,100.0 ms,0.0 dB,0.0Hz
902,268.0 MHz,20.0 dBm,100.0 ms,0.0 dB,0.0Hz
591,261.78 MHz,20.0 dBm,100.0 ms,0.0 dB,0.0Hz
548,260.92 MHz,20.0 dBm,100.0 ms,0.0 dB,0.0Hz
686,263.68 MHz,20.0 dBm,100.0 ms,0.0 dB,0.0Hz
517,260.3 MHz,20.0 dBm,100.0 ms,0.0 dB,0.0Hz
969,269.34 MHz,20.0 dBm,100.0 ms,0.0 dB,0.0Hz
833,266.62 MHz,20.0 dBm,100.0 ms,0.0 dB,0.0Hz
34,250.64 MHz,20.0 dBm,100.0 ms,0.0 dB,0.0Hz
509,260.14 MHz,20.0 dBm,100.0 ms,0.0 dB,0.0Hz
148,252.92 MHz,20.0 dBm,100.0 ms,0.0 dB,0.0Hz
436,258.68 MHz,20.0 dBm,100.0 ms,0.0 dB,0.0Hz
580,261.56 MHz,20.0 dBm,100.0 ms,0.0 dB,0.0Hz
583,261.62 MHz,20.0 dBm,100.0 ms,0.0 dB,0.0Hz
228,254.52 MHz,20.0 dBm,100.0 ms,0.0 dB,0.0Hz
348,256.92 MHz,20.0 dBm,100.0 ms,0.0 dB,0.0Hz
449,258.94 MHz,20.0 dBm,100.0 ms,0.0 dB,0.0Hz
600,261.96 MHz,20.0 dBm,100.0 ms,0.0 dB,0.0Hz
354,257.04 MHz,20.0 dBm,100.0 ms,0.0 dB,0.0Hz
204,254.04 MHz,20.0 dBm,100.0 ms,0.0 dB,0.0Hz
284,255.64 MHz,20.0 dBm,100.0 ms,0.0 dB,0.0Hz
93,251.82 MHz,20.0 dBm,100.0 ms,0.0 dB,0.0Hz
67,251.3 MHz,20.0 dBm,100.0 ms,0.0 dB,0.0Hz
744,264.84 MHz,20.0 dBm,100.0 ms,0.0 dB,0.0Hz
313,256.22 MHz,20.0 dBm,100.0 ms,0.0 dB,0.0Hz
682,263.6 MHz,20.0 dBm,100.0 ms,0.0 dB,0.0Hz
722,264.4 MHz,20.0 dBm,100.0 ms,0.0 dB,0.0Hz
829,266.54 MHz,20.0 dBm,100.0 ms,0.0 dB,0.0Hz
507,260.1 MHz,20.0 dBm,100.0 ms,0.0 dB,0.0Hz
286,255.68 MHz,20.0 dBm,100.0 ms,0.0 dB,0.0Hz
210,254.16 MHz,20.0 dBm,100.0 ms,0.0 dB,0.0Hz
267,255.3 MHz,20.0 dBm,100.0 ms,0.0 dB,0.0Hz
696,263.88 MHz,20.0 dBm,100.0 ms,0.0 dB,0.0Hz
874,267.44 MHz,20.0 dBm,100.0 ms,0.0 dB,0.0Hz
73,251.42 MHz,20.0 dBm,100.0 ms,0.0 dB,0.0Hz
144,252.84 MHz,20.0 dBm,100.0 ms,0.0 dB,0.0Hz
669,263.34 MHz,20.0 dBm,100.0 ms,0.0 dB,0.0Hz
939,268.74 MHz,20.0 dBm,100.0 ms,0.0 dB,0.0Hz
421,258.38 MHz,20.0 dBm,100.0 ms,0.0 dB,0.0Hz
996,269.88 MHz,20.0 dBm,100.0 ms,0.0 dB,0.0Hz
297,255.9 MHz,20.0 dBm,100.0 ms,0.0 dB,0.0Hz
579,261.54 MHz,20.0 dBm,100.0 ms,0.0 dB,0.0Hz
510,260.16 MHz,20.0 dBm,100.0 ms,0.0 dB,0.0Hz
153,253.02 MHz,20.0 dBm,100.0 ms,0.0 dB,0.0Hz
265,255.26 MHz,20.0 dBm,100.0 ms,0.0 dB,0.0Hz
4,250.04 MHz,20.0 dBm,100.0 ms,0.0 dB,0.0Hz
168,253.32 MHz,20.0 dBm,100.0 ms,0.0 dB,0.0Hz
19,250.34 MHz,20.0 dBm,100.0 ms,0.0 dB,0.0Hz
702,264.0 MHz,20.0 dBm,100.0 ms,0.0 dB,0.0Hz
659,263.14 MHz,20.0 dBm,100.0 ms,0.0 dB,0.0Hz
445,258.86 MHz,20.0 dBm,100.0 ms,0.0 dB,0.0Hz
875,267.46 MHz,20.0 dBm,100.0 ms,0.0 dB,0.0Hz
514,260.24 MHz,20.0 dBm,100.0 ms,0.0 dB,0.0Hz
565,261.26 MHz,20.0 dBm,100.0 ms,0.0 dB,0.0Hz
478,259.52 MHz,20.0 dBm,100.0 ms,0.0 dB,0.0Hz
202,254.0 MHz,20.0 dBm,100.0 ms,0.0 dB,0.0Hz
929,268.54 MHz,20.0 dBm,100.0 ms,0.0 dB,0.0Hz
320,256.36 MHz,20.0 dBm,100.0 ms,0.0 dB,0.0Hz
995,269.86 MHz,20.0 dBm,100.0 ms,0.0 dB,0.0Hz
81,251.58 MHz,20.0 dBm,100.0 ms,0.0 dB,0.0Hz
920,268.36 MHz,20.0 dBm,100.0 ms,0.0 dB,0.0Hz
218,254.32 MHz,20.0 dBm,100.0 ms,0.0 dB,0.0Hz
216,254.28 MHz,20.0 dBm,100.0 ms,0.0 dB,0.0Hz
839,266.74 MHz,20.0 dBm,100.0 ms,0.0 dB,0.0Hz
639,262.74 MHz,20.0 dBm,100.0 ms,0.0 dB,0.0Hz
133,252.62 MHz,20.0 dBm,100.0 ms,0.0 dB,0.0Hz
292,255.8 MHz,20.0 dBm,100.0 ms,0.0 dB,0.0Hz
273,255.42 MHz,20.0 dBm,100.0 ms,0.0 dB,0.0Hz
977,269.5 MHz,20.0 dBm,100.0 ms,0.0 dB,0.0Hz
38,250.72 MHz,20.0 dBm,100.0 ms,0.0 dB,0.0Hz
97,251.9 MHz,20.0 dBm,100.0 ms,0.0 dB,0.0Hz
967,269.3 MHz,20.0 dBm,100.0 ms,0.0 dB,0.0Hz
69,251.34 MHz,20.0 dBm,100.0 ms,0.0 dB,0.0Hz
553,261.02 MHz,20.0 dBm,100.0 ms,0.0 dB,0.0Hz
858,267.12 MHz,20.0 dBm,100.0 ms,0.0 dB,0.0Hz
863,267.22 MHz,20.0 dBm,100.0 ms,0.0 dB,0.0Hz
938,268.72 MHz,20.0 dBm,100.0 ms,0.0 dB,0.0Hz
881,267.58 MHz,20.0 dBm,100.0 ms,0.0 dB,0.0Hz
787,265.7 MHz,20.0 dBm,100.0 ms,0.0 dB,0.0Hz
889,267.74 MHz,20.0 dBm,100.0 ms,0.0 dB,0.0Hz
975,269.46 MHz,20.0 dBm,100.0 ms,0.0 dB,0.0Hz
160,253.16 MHz,20.0 dBm,100.0 ms,0.0 dB,0.0Hz
138,252.72 MHz,20.0 dBm,100.0 ms,0.0 dB,0.0Hz
466,259.28 MHz,20.0 dBm,100.0 ms,0.0 dB,0.0Hz
947,268.9 MHz,20.0 dBm,100.0 ms,0.0 dB,0.0Hz
105,252.06 MHz,20.0 dBm,100.0 ms,0.0 dB,0.0Hz
49,250.94 MHz,20.0 dBm,100.0 ms,0.0 dB,0.0Hz
896,267.88 MHz,20.0 dBm,100.0 ms,0.0 dB,0.0Hz
606,262.08 MHz,20.0 dBm,100.0 ms,0.0 dB,0.0Hz
519,260.34 MHz,20.0 dBm,100.0 ms,0.0 dB,0.0Hz
17,250.3 MHz,20.0 dBm,100.0 ms,0.0 dB,0.0Hz
980,269.56 MHz,20.0 dBm,100.0 ms,0.0 dB,0.0Hz
403,258.02 MHz,20.0 dBm,100.0 ms,0.0 dB,0.0Hz
779,265.54 MHz,20.0 dBm,100.0 ms,0.0 dB,0.0Hz
344,256.84 MHz,20.0 dBm,100.0 ms,0.0 dB,0.0Hz
169,253.34 MHz,20.0 dBm,100.0 ms,0.0 dB,0.0Hz
541,260.78 MHz,20.0 dBm,100.0 ms,0.0 dB,0.0Hz
546,260.88 MHz,20.0 dBm,100.0 ms,0.0 dB,0.0Hz
274,255.44 MHz,20.0 dBm,100.0 ms,0.0 dB,0.0Hz
545,260.86 MHz,20.0 dBm,100.0 ms,0.0 dB,0.0Hz
47,250.9 MHz,20.0 dBm,100.0 ms,0.0 dB,0.0Hz
803,266.02 MHz,20.0 dBm,100.0 ms,0.0 dB,0.0Hz
351,256.98 MHz,20.0 dBm,100.0 ms,0.0 dB,0.0Hz
963,269.22 MHz,20.0 dBm,100.0 ms,0.0 dB,0.0Hz
991,269.78 MHz,20.0 dBm,100.0 ms,0.0 dB,0.0Hz
835,266.66 MHz,20.0 dBm,100.0 ms,0.0 dB,0.0Hz
199,253.94 MHz,20.0 dBm,100.0 ms,0.0 dB,0.0Hz
877,267.5 MHz,20.0 dBm,100.0 ms,0.0 dB,0.0Hz
79,251.54 MHz,20.0 dBm,100.0 ms,0.0 dB,0.0Hz
788,265.72 MHz,20.0 dBm,100.0 ms,0.0 dB,0.0Hz
260,255.16 MHz,20.0 dBm,100.0 ms,0.0 dB,0.0Hz
185,253.66 MHz,20.0 dBm,100.0 ms,0.0 dB,0.0Hz
724,264.44 MHz,20.0 dBm,100.0 ms,0.0 dB,0.0Hz
590,261.76 MHz,20.0 dBm,100.0 ms,0.0 dB,0.0Hz
342,256.8 MHz,20.0 dBm,100.0 ms,0.0 dB,0.0Hz
142,252.8 MHz,20.0 dBm,100.0 ms,0.0 dB,0.0Hz
324,256.44 MHz,20.0 dBm,100.0 ms,0.0 dB,0.0Hz
275,255.46 MHz,20.0 dBm,100.0 ms,0.0 dB,0.0Hz
326,256.48 MHz,20.0 dBm,100.0 ms,0.0 dB,0.0Hz
317,256.3 MHz,20.0 dBm,100.0 ms,0.0 dB,0.0Hz
544,260.84 MHz,20.0 dBm,100.0 ms,0.0 dB,0.0Hz
203,254.02 MHz,20.0 dBm,100.0 ms,0.0 dB,0.0Hz
695,263.86 MHz,20.0 dBm,100.0 ms,0.0 dB,0.0Hz
255,255.06 MHz,20.0 dBm,100.0 ms,0.0 dB,0.0Hz
663,263.22 MHz,20.0 dBm,100.0 ms,0.0 dB,0.0Hz
751,264.98 MHz,20.0 dBm,100.0 ms,0.0 dB,0.0Hz
249,254.94 MHz,20.0 dBm,100.0 ms,0.0 dB,0.0Hz
954,269.04 MHz,20.0 dBm,100.0 ms,0.0 dB,0.0Hz
87,251.7 MHz,20.0 dBm,100.0 ms,0.0 dB,0.0Hz
917,268.3 MHz,20.0 dBm,100.0 ms,0.0 dB,0.0Hz
766,265.28 MHz,20.0 dBm,100.0 ms,0.0 dB,0.0Hz
708,264.12 MHz,20.0 dBm,100.0 ms,0.0 dB,0.0Hz
470,259.36 MHz,20.0 dBm,100.0 ms,0.0 dB,0.0Hz
950,268.96 MHz,20.0 dBm,100.0 ms,0.0 dB,0.0Hz
226,254.48 MHz,20.0 dBm,100.0 ms,0.0 dB,0.0Hz
259,255.14 MHz,20.0 dBm,100.0 ms,0.0 dB,0.0Hz
391,257.78 MHz,20.0 dBm,100.0 ms,0.0 dB,0.0Hz
117,252.3 MHz,20.0 dBm,100.0 ms,0.0 dB,0.0Hz
364,257.24 MHz,20.0 dBm,100.0 ms,0.0 dB,0.0Hz
171,253.38 MHz,20.0 dBm,100.0 ms,0.0 dB,0.0Hz
561,261.18 MHz,20.0 dBm,100.0 ms,0.0 dB,0.0Hz
125,252.46 MHz,20.0 dBm,100.0 ms,0.0 dB,0.0Hz
959,269.14 MHz,20.0 dBm,100.0 ms,0.0 dB,0.0Hz
86,251.68 MHz,20.0 dBm,100.0 ms,0.0 dB,0.0Hz
883,267.62 MHz,20.0 dBm,100.0 ms,0.0 dB,0.0Hz
952,269.0 MHz,20.0 dBm,100.0 ms,0.0 dB,0.0Hz
392,257.8 MHz,20.0 dBm,100.0 ms,0.0 dB,0.0Hz
380,257.56 MHz,20.0 dBm,100.0 ms,0.0 dB,0.0Hz
289,255.74 MHz,20.0 dBm,100.0 ms,0.0 dB,0.0Hz
828,266.52 MHz,20.0 dBm,100.0 ms,0.0 dB,0.0Hz
426,258.48 MHz,20.0 dBm,100.0 ms,0.0 dB,0.0Hz
282,255.6 MHz,20.0 dBm,100.0 ms,0.0 dB,0.0Hz
383,257.62 MHz,20.0 dBm,100.0 ms,0.0 dB,0.0Hz
318,256.32 MHz,20.0 dBm,100.0 ms,0.0 dB,0.0Hz
821,266.38 MHz,20.0 dBm,100.0 ms,0.0 dB,0.0Hz
262,255.2 MHz,20.0 dBm,100.0 ms,0.0 dB,0.0Hz
74,251.44 MHz,20.0 dBm,100.0 ms,0.0 dB,0.0Hz
604,262.04 MHz,20.0 dBm,100.0 ms,0.0 dB,0.0Hz
649,262.94 MHz,20.0 dBm,100.0 ms,0.0 dB,0.0Hz
424,258.44 MHz,20.0 dBm,100.0 ms,0.0 dB,0.0Hz
626,262.48 MHz,20.0 dBm,100.0 ms,0.0 dB,0.0Hz
798,265.92 MHz,20.0 dBm,100.0 ms,0.0 dB,0.0Hz
90,251.76 MHz,20.0 dBm,100.0 ms,0.0 dB,0.0Hz
162,253.2 MHz,20.0 dBm,100.0 ms,0.0 dB,0.0Hz
385,257.66 MHz,20.0 dBm,100.0 ms,0.0 dB,0.0Hz
370,257.36 MHz,20.0 dBm,100.0 ms,0.0 dB,0.0Hz
933,268.62 MHz,20.0 dBm,100.0 ms,0.0 dB,0.0Hz
469,259.34 MHz,20.0 dBm,100.0 ms,0.0 dB,0.0Hz
941,268.78 MHz,20.0 dBm,100.0 ms,0.0 dB,0.0Hz
476,259.48 MHz,20.0 dBm,100.0 ms,0.0 dB,0.0Hz
966,269.28 MHz,20.0 dBm,100.0 ms,0.0 dB,0.0Hz
922,268.4 MHz,20.0 dBm,100.0 ms,0.0 dB,0.0Hz
456,259.08 MHz,20.0 dBm,100.0 ms,0.0 dB,0.0Hz
684,263.64 MHz,20.0 dBm,100.0 ms,0.0 dB,0.0Hz
441,258.78 MHz,20.0 dBm,100.0 ms,0.0 dB,0.0Hz
119,252.34 MHz,20.0 dBm,100.0 ms,0.0 dB,0.0Hz
372,257.4 MHz,20.0 dBm,100.0 ms,0.0 dB,0.0Hz
329,256.54 MHz,20.0 dBm,100.0 ms,0.0 dB,0.0Hz
974,269.44 MHz,20.0 dBm,100.0 ms,0.0 dB,0.0Hz
84,251.64 MHz,20.0 dBm,100.0 ms,0.0 dB,0.0Hz
562,261.2 MHz,20.0 dBm,100.0 ms,0.0 dB,0.0Hz
951,268.98 MHz,20.0 dBm,100.0 ms,0.0 dB,0.0Hz
496,259.88 MHz,20.0 dBm,100.0 ms,0.0 dB,0.0Hz
461,259.18 MHz,20.0 dBm,100.0 ms,0.0 dB,0.0Hz
379,257.54 MHz,20.0 dBm,100.0 ms,0.0 dB,0.0Hz
198,253.92 MHz,20.0 dBm,100.0 ms,0.0 dB,0.0Hz
78,251.52 MHz,20.0 dBm,100.0 ms,0.0 dB,0.0Hz
83,251.62 MHz,20.0 dBm,100.0 ms,0.0 dB,0.0Hz
801,265.98 MHz,20.0 dBm,100.0 ms,0.0 dB,0.0Hz
859,267.14 MHz,20.0 dBm,100.0 ms,0.0 dB,0.0Hz
389,257.74 MHz,20.0 dBm,100.0 ms,0.0 dB,0.0Hz
693,263.82 MHz,20.0 dBm,100.0 ms,0.0 dB,0.0Hz
884,267.64 MHz,20.0 dBm,100.0 ms,0.0 dB,0.0Hz
473,259.42 MHz,20.0 dBm,100.0 ms,0.0 dB,0.0Hz
618,262.32 MHz,20.0 dBm,100.0 ms,0.0 dB,0.0Hz
207,254.1 MHz,20.0 dBm,100.0 ms,0.0 dB,0.0Hz
299,255.94 MHz,20.0 dBm,100.0 ms,0.0 dB,0.0Hz
971,269.38 MHz,20.0 dBm,100.0 ms,0.0 dB,0.0Hz
612,262.2 MHz,20.0 dBm,100.0 ms,0.0 dB,0.0Hz
658,263.12 MHz,20.0 dBm,100.0 ms,0.0 dB,0.0Hz
705,264.06 MHz,20.0 dBm,100.0 ms,0.0 dB,0.0Hz
586,261.68 MHz,20.0 dBm,100.0 ms,0.0 dB,0.0Hz
961,269.18 MHz,20.0 dBm,100.0 ms,0.0 dB,0.0Hz
373,257.42 MHz,20.0 dBm,100.0 ms,0.0 dB,0.0Hz
619,262.34 MHz,20.0 dBm,100.0 ms,0.0 dB,0.0Hz
129,252.54 MHz,20.0 dBm,100.0 ms,0.0 dB,0.0Hz
764,265.24 MHz,20.0 dBm,100.0 ms,0.0 dB,0.0Hz
530,260.56 MHz,20.0 dBm,100.0 ms,0.0 dB,0.0Hz
387,257.7 MHz,20.0 dBm,100.0 ms,0.0 dB,0.0Hz
186,253.68 MHz,20.0 dBm,100.0 ms,0.0 dB,0.0Hz
712,264.2 MHz,20.0 dBm,100.0 ms,0.0 dB,0.0Hz
860,267.16 MHz,20.0 dBm,100.0 ms,0.0 dB,0.0Hz
770,265.36 MHz,20.0 dBm,100.0 ms,0.0 dB,0.0Hz
559,261.14 MHz,20.0 dBm,100.0 ms,0.0 dB,0.0Hz
269,255.34 MHz,20.0 dBm,100.0 ms,0.0 dB,0.0Hz
786,265.68 MHz,20.0 dBm,100.0 ms,0.0 dB,0.0Hz
40,250.76 MHz,20.0 dBm,100.0 ms,0.0 dB,0.0Hz
118,252.32 MHz,20.0 dBm,100.0 ms,0.0 dB,0.0Hz
454,259.04 MHz,20.0 dBm,100.0 ms,0.0 dB,0.0Hz
983,269.62 MHz,20.0 dBm,100.0 ms,0.0 dB,0.0Hz
838,266.72 MHz,20.0 dBm,100.0 ms,0.0 dB,0.0Hz
560,261.16 MHz,20.0 dBm,100.0 ms,0.0 dB,0.0Hz
99,251.94 MHz,20.0 dBm,100.0 ms,0.0 dB,0.0Hz
882,267.6 MHz,20.0 dBm,100.0 ms,0.0 dB,0.0Hz
382,257.6 MHz,20.0 dBm,100.0 ms,0.0 dB,0.0Hz
694,263.84 MHz,20.0 dBm,100.0 ms,0.0 dB,0.0Hz
610,262.16 MHz,20.0 dBm,100.0 ms,0.0 dB,0.0Hz
543,260.82 MHz,20.0 dBm,100.0 ms,0.0 dB,0.0Hz
285,255.66 MHz,20.0 dBm,100.0 ms,0.0 dB,0.0Hz
151,252.98 MHz,20.0 dBm,100.0 ms,0.0 dB,0.0Hz
987,269.7 MHz,20.0 dBm,100.0 ms,0.0 dB,0.0Hz
745,264.86 MHz,20.0 dBm,100.0 ms,0.0 dB,0.0Hz
82,251.6 MHz,20.0 dBm,100.0 ms,0.0 dB,0.0Hz
234,254.64 MHz,20.0 dBm,100.0 ms,0.0 dB,0.0Hz
809,266.14 MHz,20.0 dBm,100.0 ms,0.0 dB,0.0Hz
227,254.5 MHz,20.0 dBm,100.0 ms,0.0 dB,0.0Hz
467,259.3 MHz,20.0 dBm,100.0 ms,0.0 dB,0.0Hz
945,268.86 MHz,20.0 dBm,100.0 ms,0.0 dB,0.0Hz
277,255.5 MHz,20.0 dBm,100.0 ms,0.0 dB,0.0Hz
501,259.98 MHz,20.0 dBm,100.0 ms,0.0 dB,0.0Hz
443,258.82 MHz,20.0 dBm,100.0 ms,0.0 dB,0.0Hz
12,250.2 MHz,20.0 dBm,100.0 ms,0.0 dB,0.0Hz
616,262.28 MHz,20.0 dBm,100.0 ms,0.0 dB,0.0Hz
181,253.58 MHz,20.0 dBm,100.0 ms,0.0 dB,0.0Hz
89,251.74 MHz,20.0 dBm,100.0 ms,0.0 dB,0.0Hz
841,266.78 MHz,20.0 dBm,100.0 ms,0.0 dB,0.0Hz
540,260.76 MHz,20.0 dBm,100.0 ms,0.0 dB,0.0Hz
287,255.7 MHz,20.0 dBm,100.0 ms,0.0 dB,0.0Hz
800,265.96 MHz,20.0 dBm,100.0 ms,0.0 dB,0.0Hz
856,267.08 MHz,20.0 dBm,100.0 ms,0.0 dB,0.0Hz
826,266.48 MHz,20.0 dBm,100.0 ms,0.0 dB,0.0Hz
741,264.78 MHz,20.0 dBm,100.0 ms,0.0 dB,0.0Hz
167,253.3 MHz,20.0 dBm,100.0 ms,0.0 dB,0.0Hz
704,264.04 MHz,20.0 dBm,100.0 ms,0.0 dB,0.0Hz
832,266.6 MHz,20.0 dBm,100.0 ms,0.0 dB,0.0Hz
183,253.62 MHz,20.0 dBm,100.0 ms,0.0 dB,0.0Hz
876,267.48 MHz,20.0 dBm,100.0 ms,0.0 dB,0.0Hz
155,253.06 MHz,20.0 dBm,100.0 ms,0.0 dB,0.0Hz
890,267.76 MHz,20.0 dBm,100.0 ms,0.0 dB,0.0Hz
414,258.24 MHz,20.0 dBm,100.0 ms,0.0 dB,0.0Hz
805,266.06 MHz,20.0 dBm,100.0 ms,0.0 dB,0.0Hz
688,263.72 MHz,20.0 dBm,100.0 ms,0.0 dB,0.0Hz
242,254.8 MHz,20.0 dBm,100.0 ms,0.0 dB,0.0Hz
339,256.74 MHz,20.0 dBm,100.0 ms,0.0 dB,0.0Hz
462,259.2 MHz,20.0 dBm,100.0 ms,0.0 dB,0.0Hz
784,265.64 MHz,20.0 dBm,100.0 ms,0.0 dB,0.0Hz
703,264.02 MHz,20.0 dBm,100.0 ms,0.0 dB,0.0Hz
897,267.9 MHz,20.0 dBm,100.0 ms,0.0 dB,0.0Hz
855,267.06 MHz,20.0 dBm,100.0 ms,0.0 dB,0.0Hz
836,266.68 MHz,20.0 dBm,100.0 ms,0.0 dB,0.0Hz
334,256.64 MHz,20.0 dBm,100.0 ms,0.0 dB,0.0Hz
238,254.72 MHz,20.0 dBm,100.0 ms,0.0 dB,0.0Hz
80,251.56 MHz,20.0 dBm,100.0 ms,0.0 dB,0.0Hz
490,259.76 MHz,20.0 dBm,100.0 ms,0.0 dB,0.0Hz
444,258.84 MHz,20.0 dBm,100.0 ms,0.0 dB,0.0Hz
869,267.34 MHz,20.0 dBm,100.0 ms,0.0 dB,0.0Hz
458,259.12 MHz,20.0 dBm,100.0 ms,0.0 dB,0.0Hz
307,256.1 MHz,20.0 dBm,100.0 ms,0.0 dB,0.0Hz
439,258.74 MHz,20.0 dBm,100.0 ms,0.0 dB,0.0Hz
384,257.64 MHz,20.0 dBm,100.0 ms,0.0 dB,0.0Hz
674,263.44 MHz,20.0 dBm,100.0 ms,0.0 dB,0.0Hz
577,261.5 MHz,20.0 dBm,100.0 ms,0.0 dB,0.0Hz
581,261.58 MHz,20.0 dBm,100.0 ms,0.0 dB,0.0Hz
771,265.38 MHz,20.0 dBm,100.0 ms,0.0 dB,0.0Hz
652,263.0 MHz,20.0 dBm,100.0 ms,0.0 dB,0.0Hz
447,258.9 MHz,20.0 dBm,100.0 ms,0.0 dB,0.0Hz
36,250.68 MHz,20.0 dBm,100.0 ms,0.0 dB,0.0Hz
131,252.58 MHz,20.0 dBm,100.0 ms,0.0 dB,0.0Hz
603,262.02 MHz,20.0 dBm,100.0 ms,0.0 dB,0.0Hz
660,263.16 MHz,20.0 dBm,100.0 ms,0.0 dB,0.0Hz
525,260.46 MHz,20.0 dBm,100.0 ms,0.0 dB,0.0Hz
457,259.1 MHz,20.0 dBm,100.0 ms,0.0 dB,0.0Hz
505,260.06 MHz,20.0 dBm,100.0 ms,0.0 dB,0.0Hz
852,267.0 MHz,20.0 dBm,100.0 ms,0.0 dB,0.0Hz
271,255.38 MHz,20.0 dBm,100.0 ms,0.0 dB,0.0Hz
243,254.82 MHz,20.0 dBm,100.0 ms,0.0 dB,0.0Hz
672,263.4 MHz,20.0 dBm,100.0 ms,0.0 dB,0.0Hz
617,262.3 MHz,20.0 dBm,100.0 ms,0.0 dB,0.0Hz
806,266.08 MHz,20.0 dBm,100.0 ms,0.0 dB,0.0Hz
2,250.0 MHz,20.0 dBm,100.0 ms,0.0 dB,0.0Hz
526,260.48 MHz,20.0 dBm,100.0 ms,0.0 dB,0.0Hz
843,266.82 MHz,20.0 dBm,100.0 ms,0.0 dB,0.0Hz
799,265.94 MHz,20.0 dBm,100.0 ms,0.0 dB,0.0Hz
294,255.84 MHz,20.0 dBm,100.0 ms,0.0 dB,0.0Hz
196,253.88 MHz,20.0 dBm,100.0 ms,0.0 dB,0.0Hz
814,266.24 MHz,20.0 dBm,100.0 ms,0.0 dB,0.0Hz
592,261.8 MHz,20.0 dBm,100.0 ms,0.0 dB,0.0Hz
720,264.36 MHz,20.0 dBm,100.0 ms,0.0 dB,0.0Hz
601,261.98 MHz,20.0 dBm,100.0 ms,0.0 dB,0.0Hz
301,255.98 MHz,20.0 dBm,100.0 ms,0.0 dB,0.0Hz
472,259.4 MHz,20.0 dBm,100.0 ms,0.0 dB,0.0Hz
132,252.6 MHz,20.0 dBm,100.0 ms,0.0 dB,0.0Hz
217,254.3 MHz,20.0 dBm,100.0 ms,0.0 dB,0.0Hz
14,250.24 MHz,20.0 dBm,100.0 ms,0.0 dB,0.0Hz
460,259.16 MHz,20.0 dBm,100.0 ms,0.0 dB,0.0Hz
822,266.4 MHz,20.0 dBm,100.0 ms,0.0 dB,0.0Hz
197,253.9 MHz,20.0 dBm,100.0 ms,0.0 dB,0.0Hz
209,254.14 MHz,20.0 dBm,100.0 ms,0.0 dB,0.0Hz
194,253.84 MHz,20.0 dBm,100.0 ms,0.0 dB,0.0Hz
130,252.56 MHz,20.0 dBm,100.0 ms,0.0 dB,0.0Hz
341,256.78 MHz,20.0 dBm,100.0 ms,0.0 dB,0.0Hz
679,263.54 MHz,20.0 dBm,100.0 ms,0.0 dB,0.0Hz
984,269.64 MHz,20.0 dBm,100.0 ms,0.0 dB,0.0Hz
549,260.94 MHz,20.0 dBm,100.0 ms,0.0 dB,0.0Hz
834,266.64 MHz,20.0 dBm,100.0 ms,0.0 dB,0.0Hz
423,258.42 MHz,20.0 dBm,100.0 ms,0.0 dB,0.0Hz
410,258.16 MHz,20.0 dBm,100.0 ms,0.0 dB,0.0Hz
713,264.22 MHz,20.0 dBm,100.0 ms,0.0 dB,0.0Hz
740,264.76 MHz,20.0 dBm,100.0 ms,0.0 dB,0.0Hz
760,265.16 MHz,20.0 dBm,100.0 ms,0.0 dB,0.0Hz
188,253.72 MHz,20.0 dBm,100.0 ms,0.0 dB,0.0Hz
710,264.16 MHz,20.0 dBm,100.0 ms,0.0 dB,0.0Hz
709,264.14 MHz,20.0 dBm,100.0 ms,0.0 dB,0.0Hz
52,251.0 MHz,20.0 dBm,100.0 ms,0.0 dB,0.0Hz
114,252.24 MHz,20.0 dBm,100.0 ms,0.0 dB,0.0Hz
657,263.1 MHz,20.0 dBm,100.0 ms,0.0 dB,0.0Hz
247,254.9 MHz,20.0 dBm,100.0 ms,0.0 dB,0.0Hz
597,261.9 MHz,20.0 dBm,100.0 ms,0.0 dB,0.0Hz
673,263.42 MHz,20.0 dBm,100.0 ms,0.0 dB,0.0Hz
701,263.98 MHz,20.0 dBm,100.0 ms,0.0 dB,0.0Hz
335,256.66 MHz,20.0 dBm,100.0 ms,0.0 dB,0.0Hz
85,251.66 MHz,20.0 dBm,100.0 ms,0.0 dB,0.0Hz
303,256.02 MHz,20.0 dBm,100.0 ms,0.0 dB,0.0Hz
109,252.14 MHz,20.0 dBm,100.0 ms,0.0 dB,0.0Hz
791,265.78 MHz,20.0 dBm,100.0 ms,0.0 dB,0.0Hz
3,250.02 MHz,20.0 dBm,100.0 ms,0.0 dB,0.0Hz
193,253.82 MHz,20.0 dBm,100.0 ms,0.0 dB,0.0Hz
115,252.26 MHz,20.0 dBm,100.0 ms,0.0 dB,0.0Hz
350,256.96 MHz,20.0 dBm,100.0 ms,0.0 dB,0.0Hz
220,254.36 MHz,20.0 dBm,100.0 ms,0.0 dB,0.0Hz
485,259.66 MHz,20.0 dBm,100.0 ms,0.0 dB,0.0Hz
332,256.6 MHz,20.0 dBm,100.0 ms,0.0 dB,0.0Hz
599,261.94 MHz,20.0 dBm,100.0 ms,0.0 dB,0.0Hz
689,263.74 MHz,20.0 dBm,100.0 ms,0.0 dB,0.0Hz
321,256.38 MHz,20.0 dBm,100.0 ms,0.0 dB,0.0Hz
5,250.06 MHz,20.0 dBm,100.0 ms,0.0 dB,0.0Hz
532,260.6 MHz,20.0 dBm,100.0 ms,0.0 dB,0.0Hz
578,261.52 MHz,20.0 dBm,100.0 ms,0.0 dB,0.0Hz
224,254.44 MHz,20.0 dBm,100.0 ms,0.0 dB,0.0Hz
558,261.12 MHz,20.0 dBm,100.0 ms,0.0 dB,0.0Hz
241,254.78 MHz,20.0 dBm,100.0 ms,0.0 dB,0.0Hz
304,256.04 MHz,20.0 dBm,100.0 ms,0.0 dB,0.0Hz
647,262.9 MHz,20.0 dBm,100.0 ms,0.0 dB,0.0Hz
407,258.1 MHz,20.0 dBm,100.0 ms,0.0 dB,0.0Hz
43,250.82 MHz,20.0 dBm,100.0 ms,0.0 dB,0.0Hz
782,265.6 MHz,20.0 dBm,100.0 ms,0.0 dB,0.0Hz
671,263.38 MHz,20.0 dBm,100.0 ms,0.0 dB,0.0Hz
568,261.32 MHz,20.0 dBm,100.0 ms,0.0 dB,0.0Hz
438,258.72 MHz,20.0 dBm,100.0 ms,0.0 dB,0.0Hz
793,265.82 MHz,20.0 dBm,100.0 ms,0.0 dB,0.0Hz
355,257.06 MHz,20.0 dBm,100.0 ms,0.0 dB,0.0Hz
725,264.46 MHz,20.0 dBm,100.0 ms,0.0 dB,0.0Hz
361,257.18 MHz,20.0 dBm,100.0 ms,0.0 dB,0.0Hz
229,254.54 MHz,20.0 dBm,100.0 ms,0.0 dB,0.0Hz
464,259.24 MHz,20.0 dBm,100.0 ms,0.0 dB,0.0Hz
363,257.22 MHz,20.0 dBm,100.0 ms,0.0 dB,0.0Hz
552,261.0 MHz,20.0 dBm,100.0 ms,0.0 dB,0.0Hz
250,254.96 MHz,20.0 dBm,100.0 ms,0.0 dB,0.0Hz
498,259.92 MHz,20.0 dBm,100.0 ms,0.0 dB,0.0Hz
296,255.88 MHz,20.0 dBm,100.0 ms,0.0 dB,0.0Hz
94,251.84 MHz,20.0 dBm,100.0 ms,0.0 dB,0.0Hz
796,265.88 MHz,20.0 dBm,100.0 ms,0.0 dB,0.0Hz
180,253.56 MHz,20.0 dBm,100.0 ms,0.0 dB,0.0Hz
908,268.12 MHz,20.0 dBm,100.0 ms,0.0 dB,0.0Hz
853,267.02 MHz,20.0 dBm,100.0 ms,0.0 dB,0.0Hz
931,268.58 MHz,20.0 dBm,100.0 ms,0.0 dB,0.0Hz
925,268.46 MHz,20.0 dBm,100.0 ms,0.0 dB,0.0Hz
816,266.28 MHz,20.0 dBm,100.0 ms,0.0 dB,0.0Hz
413,258.22 MHz,20.0 dBm,100.0 ms,0.0 dB,0.0Hz
676,263.48 MHz,20.0 dBm,100.0 ms,0.0 dB,0.0Hz
60,251.16 MHz,20.0 dBm,100.0 ms,0.0 dB,0.0Hz
648,262.92 MHz,20.0 dBm,100.0 ms,0.0 dB,0.0Hz
666,263.28 MHz,20.0 dBm,100.0 ms,0.0 dB,0.0Hz
21,250.38 MHz,20.0 dBm,100.0 ms,0.0 dB,0.0Hz
432,258.6 MHz,20.0 dBm,100.0 ms,0.0 dB,0.0Hz
256,255.08 MHz,20.0 dBm,100.0 ms,0.0 dB,0.0Hz
55,251.06 MHz,20.0 dBm,100.0 ms,0.0 dB,0.0Hz
622,262.4 MHz,20.0 dBm,100.0 ms,0.0 dB,0.0Hz
976,269.48 MHz,20.0 dBm,100.0 ms,0.0 dB,0.0Hz
970,269.36 MHz,20.0 dBm,100.0 ms,0.0 dB,0.0Hz
762,265.2 MHz,20.0 dBm,100.0 ms,0.0 dB,0.0Hz
588,261.72 MHz,20.0 dBm,100.0 ms,0.0 dB,0.0Hz
157,253.1 MHz,20.0 dBm,100.0 ms,0.0 dB,0.0Hz
746,264.88 MHz,20.0 dBm,100.0 ms,0.0 dB,0.0Hz
221,254.38 MHz,20.0 dBm,100.0 ms,0.0 dB,0.0Hz
141,252.78 MHz,20.0 dBm,100.0 ms,0.0 dB,0.0Hz
430,258.56 MHz,20.0 dBm,100.0 ms,0.0 dB,0.0Hz
281,255.58 MHz,20.0 dBm,100.0 ms,0.0 dB,0.0Hz
777,265.5 MHz,20.0 dBm,100.0 ms,0.0 dB,0.0Hz
905,268.06 MHz,20.0 dBm,100.0 ms,0.0 dB,0.0Hz
638,262.72 MHz,20.0 dBm,100.0 ms,0.0 dB,0.0Hz
270,255.36 MHz,20.0 dBm,100.0 ms,0.0 dB,0.0Hz
986,269.68 MHz,20.0 dBm,100.0 ms,0.0 dB,0.0Hz
935,268.66 MHz,20.0 dBm,100.0 ms,0.0 dB,0.0Hz
200,253.96 MHz,20.0 dBm,100.0 ms,0.0 dB,0.0Hz
752,265.0 MHz,20.0 dBm,100.0 ms,0.0 dB,0.0Hz
399,257.94 MHz,20.0 dBm,100.0 ms,0.0 dB,0.0Hz
66,251.28 MHz,20.0 dBm,100.0 ms,0.0 dB,0.0Hz
116,252.28 MHz,20.0 dBm,100.0 ms,0.0 dB,0.0Hz
529,260.54 MHz,20.0 dBm,100.0 ms,0.0 dB,0.0Hz
587,261.7 MHz,20.0 dBm,100.0 ms,0.0 dB,0.0Hz
978,269.52 MHz,20.0 dBm,100.0 ms,0.0 dB,0.0Hz
789,265.74 MHz,20.0 dBm,100.0 ms,0.0 dB,0.0Hz
823,266.42 MHz,20.0 dBm,100.0 ms,0.0 dB,0.0Hz
934,268.64 MHz,20.0 dBm,100.0 ms,0.0 dB,0.0Hz
629,262.54 MHz,20.0 dBm,100.0 ms,0.0 dB,0.0Hz
107,252.1 MHz,20.0 dBm,100.0 ms,0.0 dB,0.0Hz
268,255.32 MHz,20.0 dBm,100.0 ms,0.0 dB,0.0Hz
337,256.7 MHz,20.0 dBm,100.0 ms,0.0 dB,0.0Hz
700,263.96 MHz,20.0 dBm,100.0 ms,0.0 dB,0.0Hz
594,261.84 MHz,20.0 dBm,100.0 ms,0.0 dB,0.0Hz
258,255.12 MHz,20.0 dBm,100.0 ms,0.0 dB,0.0Hz
940,268.76 MHz,20.0 dBm,100.0 ms,0.0 dB,0.0Hz
518,260.32 MHz,20.0 dBm,100.0 ms,0.0 dB,0.0Hz
867,267.3 MHz,20.0 dBm,100.0 ms,0.0 dB,0.0Hz
331,256.58 MHz,20.0 dBm,100.0 ms,0.0 dB,0.0Hz
22,250.4 MHz,20.0 dBm,100.0 ms,0.0 dB,0.0Hz
257,255.1 MHz,20.0 dBm,100.0 ms,0.0 dB,0.0Hz
527,260.5 MHz,20.0 dBm,100.0 ms,0.0 dB,0.0Hz
937,268.7 MHz,20.0 dBm,100.0 ms,0.0 dB,0.0Hz
15,250.26 MHz,20.0 dBm,100.0 ms,0.0 dB,0.0Hz
572,261.4 MHz,20.0 dBm,100.0 ms,0.0 dB,0.0Hz
25,250.46 MHz,20.0 dBm,100.0 ms,0.0 dB,0.0Hz
637,262.7 MHz,20.0 dBm,100.0 ms,0.0 dB,0.0Hz
302,256.0 MHz,20.0 dBm,100.0 ms,0.0 dB,0.0Hz
650,262.96 MHz,20.0 dBm,100.0 ms,0.0 dB,0.0Hz
698,263.92 MHz,20.0 dBm,100.0 ms,0.0 dB,0.0Hz
345,256.86 MHz,20.0 dBm,100.0 ms,0.0 dB,0.0Hz
955,269.06 MHz,20.0 dBm,100.0 ms,0.0 dB,0.0Hz
719,264.34 MHz,20.0 dBm,100.0 ms,0.0 dB,0.0Hz
692,263.8 MHz,20.0 dBm,100.0 ms,0.0 dB,0.0Hz
982,269.6 MHz,20.0 dBm,100.0 ms,0.0 dB,0.0Hz
887,267.7 MHz,20.0 dBm,100.0 ms,0.0 dB,0.0Hz
422,258.4 MHz,20.0 dBm,100.0 ms,0.0 dB,0.0Hz
685,263.66 MHz,20.0 dBm,100.0 ms,0.0 dB,0.0Hz
998,269.92 MHz,20.0 dBm,100.0 ms,0.0 dB,0.0Hz
239,254.74 MHz,20.0 dBm,100.0 ms,0.0 dB,0.0Hz
930,268.56 MHz,20.0 dBm,100.0 ms,0.0 dB,0.0Hz
845,266.86 MHz,20.0 dBm,100.0 ms,0.0 dB,0.0Hz
794,265.84 MHz,20.0 dBm,100.0 ms,0.0 dB,0.0Hz
743,264.82 MHz,20.0 dBm,100.0 ms,0.0 dB,0.0Hz
98,251.92 MHz,20.0 dBm,100.0 ms,0.0 dB,0.0Hz
655,263.06 MHz,20.0 dBm,100.0 ms,0.0 dB,0.0Hz
893,267.82 MHz,20.0 dBm,100.0 ms,0.0 dB,0.0Hz
932,268.6 MHz,20.0 dBm,100.0 ms,0.0 dB,0.0Hz
551,260.98 MHz,20.0 dBm,100.0 ms,0.0 dB,0.0Hz
33,250.62 MHz,20.0 dBm,100.0 ms,0.0 dB,0.0Hz
861,267.18 MHz,20.0 dBm,100.0 ms,0.0 dB,0.0Hz
564,261.24 MHz,20.0 dBm,100.0 ms,0.0 dB,0.0Hz
670,263.36 MHz,20.0 dBm,100.0 ms,0.0 dB,0.0Hz
76,251.48 MHz,20.0 dBm,100.0 ms,0.0 dB,0.0Hz
28,250.52 MHz,20.0 dBm,100.0 ms,0.0 dB,0.0Hz
885,267.66 MHz,20.0 dBm,100.0 ms,0.0 dB,0.0Hz
563,261.22 MHz,20.0 dBm,100.0 ms,0.0 dB,0.0Hz
319,256.34 MHz,20.0 dBm,100.0 ms,0.0 dB,0.0Hz
208,254.12 MHz,20.0 dBm,100.0 ms,0.0 dB,0.0Hz
711,264.18 MHz,20.0 dBm,100.0 ms,0.0 dB,0.0Hz
35,250.66 MHz,20.0 dBm,100.0 ms,0.0 dB,0.0Hz
537,260.7 MHz,20.0 dBm,100.0 ms,0.0 dB,0.0Hz
419,258.34 MHz,20.0 dBm,100.0 ms,0.0 dB,0.0Hz
871,267.38 MHz,20.0 dBm,100.0 ms,0.0 dB,0.0Hz
894,267.84 MHz,20.0 dBm,100.0 ms,0.0 dB,0.0Hz
311,256.18 MHz,20.0 dBm,100.0 ms,0.0 dB,0.0Hz
121,252.38 MHz,20.0 dBm,100.0 ms,0.0 dB,0.0Hz
625,262.46 MHz,20.0 dBm,100.0 ms,0.0 dB,0.0Hz
942,268.8 MHz,20.0 dBm,100.0 ms,0.0 dB,0.0Hz
420,258.36 MHz,20.0 dBm,100.0 ms,0.0 dB,0.0Hz
997,269.9 MHz,20.0 dBm,100.0 ms,0.0 dB,0.0Hz
106,252.08 MHz,20.0 dBm,100.0 ms,0.0 dB,0.0Hz
857,267.1 MHz,20.0 dBm,100.0 ms,0.0 dB,0.0Hz
435,258.66 MHz,20.0 dBm,100.0 ms,0.0 dB,0.0Hz
452,259.0 MHz,20.0 dBm,100.0 ms,0.0 dB,0.0Hz
924,268.44 MHz,20.0 dBm,100.0 ms,0.0 dB,0.0Hz
428,258.52 MHz,20.0 dBm,100.0 ms,0.0 dB,0.0Hz
492,259.8 MHz,20.0 dBm,100.0 ms,0.0 dB,0.0Hz
503,260.02 MHz,20.0 dBm,100.0 ms,0.0 dB,0.0Hz
589,261.74 MHz,20.0 dBm,100.0 ms,0.0 dB,0.0Hz
18,250.32 MHz,20.0 dBm,100.0 ms,0.0 dB,0.0Hz
538,260.72 MHz,20.0 dBm,100.0 ms,0.0 dB,0.0Hz
290,255.76 MHz,20.0 dBm,100.0 ms,0.0 dB,0.0Hz
575,261.46 MHz,20.0 dBm,100.0 ms,0.0 dB,0.0Hz
96,251.88 MHz,20.0 dBm,100.0 ms,0.0 dB,0.0Hz
918,268.32 MHz,20.0 dBm,100.0 ms,0.0 dB,0.0Hz
245,254.86 MHz,20.0 dBm,100.0 ms,0.0 dB,0.0Hz
493,259.82 MHz,20.0 dBm,100.0 ms,0.0 dB,0.0Hz
825,266.46 MHz,20.0 dBm,100.0 ms,0.0 dB,0.0Hz
46,250.88 MHz,20.0 dBm,100.0 ms,0.0 dB,0.0Hz
790,265.76 MHz,20.0 dBm,100.0 ms,0.0 dB,0.0Hz
608,262.12 MHz,20.0 dBm,100.0 ms,0.0 dB,0.0Hz
528,260.52 MHz,20.0 dBm,100.0 ms,0.0 dB,0.0Hz
921,268.38 MHz,20.0 dBm,100.0 ms,0.0 dB,0.0Hz
1000,269.96 MHz,20.0 dBm,100.0 ms,0.0 dB,0.0Hz
279,255.54 MHz,20.0 dBm,100.0 ms,0.0 dB,0.0Hz
946,268.88 MHz,20.0 dBm,100.0 ms,0.0 dB,0.0Hz
494,259.84 MHz,20.0 dBm,100.0 ms,0.0 dB,0.0Hz
346,256.88 MHz,20.0 dBm,100.0 ms,0.0 dB,0.0Hz
402,258.0 MHz,20.0 dBm,100.0 ms,0.0 dB,0.0Hz
95,251.86 MHz,20.0 dBm,100.0 ms,0.0 dB,0.0Hz
906,268.08 MHz,20.0 dBm,100.0 ms,0.0 dB,0.0Hz
718,264.32 MHz,20.0 dBm,100.0 ms,0.0 dB,0.0Hz
824,266.44 MHz,20.0 dBm,100.0 ms,0.0 dB,0.0Hz
749,264.94 MHz,20.0 dBm,100.0 ms,0.0 dB,0.0Hz
108,252.12 MHz,20.0 dBm,100.0 ms,0.0 dB,0.0Hz
878,267.52 MHz,20.0 dBm,100.0 ms,0.0 dB,0.0Hz
309,256.14 MHz,20.0 dBm,100.0 ms,0.0 dB,0.0Hz
681,263.58 MHz,20.0 dBm,100.0 ms,0.0 dB,0.0Hz
687,263.7 MHz,20.0 dBm,100.0 ms,0.0 dB,0.0Hz
767,265.3 MHz,20.0 dBm,100.0 ms,0.0 dB,0.0Hz
393,257.82 MHz,20.0 dBm,100.0 ms,0.0 dB,0.0Hz
111,252.18 MHz,20.0 dBm,100.0 ms,0.0 dB,0.0Hz
27,250.5 MHz,20.0 dBm,100.0 ms,0.0 dB,0.0Hz
837,266.7 MHz,20.0 dBm,100.0 ms,0.0 dB,0.0Hz
127,252.5 MHz,20.0 dBm,100.0 ms,0.0 dB,0.0Hz
415,258.26 MHz,20.0 dBm,100.0 ms,0.0 dB,0.0Hz
742,264.8 MHz,20.0 dBm,100.0 ms,0.0 dB,0.0Hz
615,262.26 MHz,20.0 dBm,100.0 ms,0.0 dB,0.0Hz
892,267.8 MHz,20.0 dBm,100.0 ms,0.0 dB,0.0Hz
901,267.98 MHz,20.0 dBm,100.0 ms,0.0 dB,0.0Hz
240,254.76 MHz,20.0 dBm,100.0 ms,0.0 dB,0.0Hz
727,264.5 MHz,20.0 dBm,100.0 ms,0.0 dB,0.0Hz
555,261.06 MHz,20.0 dBm,100.0 ms,0.0 dB,0.0Hz
